<?xml version="1.0" encoding="utf-8" ?>
<FrameLayout xmlns:android="http://schemas.android.com/apk/res/android" xmlns:app="http://schemas.android.com/apk/res-auto" android:id="@id/root_view" android:layout_width="fill_parent" android:layout_height="fill_parent">
	<FrameLayout android:layout_gravity="bottom" android:id="@id/navigation_bar_protection" android:background="@android:color/black" android:layout_width="fill_parent" android:layout_height="wrap_content" />
	<FrameLayout android:id="@id/camera_frame" android:layout_width="fill_parent" android:layout_height="fill_parent" />
	<LinearLayout android:orientation="vertical" android:fitsSystemWindows="true" android:layout_width="fill_parent" android:layout_height="fill_parent">
		<RelativeLayout android:id="@id/call_notification" android:background="@drawable/call_duration_bar_background" android:paddingLeft="16.0dip" android:paddingTop="8.0dip" android:paddingRight="16.0dip" android:paddingBottom="8.0dip" android:layout_width="fill_parent" android:layout_height="wrap_content">
			<com.whatsapp.WaTextView android:textSize="17.0sp" android:textColor="@color/callBannerText" android:layout_width="wrap_content" android:layout_height="wrap_content" android:text="@string/tap_to_return_to_call" android:layout_toLeftOf="@id/call_notification_timer" android:layout_alignParentLeft="true" />
			<com.whatsapp.WaTextView android:textSize="16.0sp" android:textColor="@color/callBannerText" android:gravity="center_vertical" android:id="@id/call_notification_timer" android:layout_width="wrap_content" android:layout_height="wrap_content" android:layout_alignParentRight="true" android:textAllCaps="true" />
		</RelativeLayout>
		<FrameLayout android:id="@android:id/content" android:layout_width="fill_parent" android:layout_height="fill_parent">
			<FrameLayout android:id="@id/pager_holder" android:paddingTop="48.0dip" android:layout_width="fill_parent" android:layout_height="fill_parent">
				<view android:id="@id/pager" android:layout_width="fill_parent" android:layout_height="fill_parent" class="com.whatsapp.HomeActivity$TabsPager" />
			</FrameLayout>
			<LinearLayout android:orientation="vertical" android:id="@id/header" android:background="@drawable/nader5" android:layout_width="wrap_content" android:layout_height="150.0dip">
				<com.whatsapp.BidiToolbar android:id="@id/toolbar" android:background="?colorPrimary" android:layout_width="fill_parent" android:layout_height="30.0dip" android:minHeight="?actionBarSize" app:popupTheme="@style/Toolbar.Popup" app:theme="@style/Toolbar.HomeActivity" />
				<View android:id="@id/toolbar_padding" android:layout_width="wrap_content" android:layout_height="0.0dip" />
				<com.SlayerPhoto.HomePhoto.photohome android:enabled="false" android:layout_gravity="center" android:layout_width="69.0dip" android:layout_height="69.0dip" android:src="@drawable/avatar_contact" android:scaleType="fitCenter" />
				<ViewFlipper android:layout_gravity="center" android:layout_width="wrap_content" android:layout_height="wrap_content" android:inAnimation="@anim/nthoell_txt_a" android:outAnimation="@anim/nthoell_txt_b" android:flipInterval="2200" android:autoStart="true">
					<TextView android:textStyle="italic" android:textColor="#ff1da1f3" android:gravity="center" android:layout_gravity="center" android:id="@id/profile_info_name_card" android:layout_width="wrap_content" android:layout_height="wrap_content" android:layout_marginLeft="4.0dip" android:layout_marginRight="4.0dip" />
					<TextView android:textStyle="italic" android:textColor="#ff1da1f3" android:gravity="center" android:layout_gravity="center" android:id="@id/profile_info_status_card" android:layout_width="wrap_content" android:layout_height="wrap_content" android:layout_marginLeft="4.0dip" android:layout_marginRight="4.0dip" />
					<TextView android:textStyle="italic" android:textColor="#ff1da1f3" android:gravity="center" android:layout_gravity="center" android:layout_width="wrap_content" android:layout_height="wrap_content" android:layout_marginLeft="4.0dip" android:layout_marginRight="4.0dip" android:text="CYBER DEVS DOMINA PORRA" />
					<TextView android:textStyle="italic" android:textColor="#ff1da1f3" android:gravity="center" android:layout_gravity="center" android:layout_width="wrap_content" android:layout_height="wrap_content" android:layout_marginLeft="4.0dip" android:layout_marginRight="4.0dip" android:text="PARCEIROS" />
					<TextView android:textStyle="italic" android:textColor="#ff1da1f3" android:gravity="center" android:layout_gravity="center" android:layout_width="wrap_content" android:layout_height="wrap_content" android:layout_marginLeft="4.0dip" android:layout_marginRight="4.0dip" android:text="THE MASTER" />
					<TextView android:textStyle="italic" android:textColor="#ff1da1f3" android:gravity="center" android:layout_gravity="center" android:layout_width="wrap_content" android:layout_height="wrap_content" android:layout_marginLeft="4.0dip" android:layout_marginRight="4.0dip" android:text="CNWA" />
					<TextView android:textStyle="italic" android:textColor="#ff1da1f3" android:gravity="center" android:layout_gravity="center" android:layout_width="wrap_content" android:layout_height="wrap_content" android:layout_marginLeft="4.0dip" android:layout_marginRight="4.0dip" android:text="ETERNAL" />
					<TextView android:textStyle="italic" android:textColor="#ff1da1f3" android:gravity="center" android:layout_gravity="center" android:layout_width="wrap_content" android:layout_height="wrap_content" android:layout_marginLeft="4.0dip" android:layout_marginRight="4.0dip" android:text="HOME BY: CYPHER" />
					<TextView android:textStyle="italic" android:textColor="#ff1da1f3" android:gravity="center" android:layout_gravity="center" android:layout_width="wrap_content" android:layout_height="wrap_content" android:layout_marginLeft="4.0dip" android:layout_marginRight="4.0dip" android:text="MODIFICADA POR: BLACK CYBER" />
					<TextView android:textStyle="italic" android:textColor="#ff1da1f3" android:gravity="center" android:layout_gravity="center" android:layout_width="wrap_content" android:layout_height="wrap_content" android:layout_marginLeft="4.0dip" android:layout_marginRight="4.0dip" android:text="JAN E GOSTOSO" />
				</ViewFlipper>
				<com.whatsapp.HomePagerSlidingTabStrip android:id="@id/tabs" android:background="#00000000" android:layout_width="fill_parent" android:layout_height="0.0dip" app:pstsDividerColor="@color/transparent" app:pstsIndicatorColor="@color/homeActivityTabIndicator" />
				<LinearLayout android:layout_gravity="top" android:orientation="vertical" android:layout_width="fill_parent" android:layout_height="80.0dip" android:src="@drawable/SLAYER_HOME" />
			</LinearLayout>
			<FrameLayout android:id="@id/search_fragment_holder" android:visibility="gone" android:layout_width="fill_parent" android:layout_height="wrap_content" android:elevation="@dimen/actionbar_elevation" />
			<FrameLayout android:id="@id/search_holder" android:visibility="invisible" android:layout_width="fill_parent" android:layout_height="@dimen/abc_action_bar_default_height_material" android:elevation="@dimen/actionbar_elevation" />
			<ViewStub android:layout_gravity="center|right|top" android:id="@id/filter_chat_tip_view_stub" android:layout_width="wrap_content" android:layout_height="wrap_content" android:layout_marginTop="@dimen/abc_action_bar_default_height_material" />
			<com.whatsapp.components.FloatingActionButton android:id="@id/fab_aux" android:visibility="gone" android:layout_marginBottom="@dimen/fab_aux_margin_bottom" android:contentDescription="@string/menuitem_new_text_status" app:tint="@color/fabSecondaryContent" style="@style/WA.FAB.Secondary" />
			<com.whatsapp.bse.tabs.CurvedBottom android:layout_gravity="bottom" android:orientation="horizontal" android:id="@id/mCurvedView" android:layout_width="fill_parent" android:layout_height="56.0dip">
				<include layout="@layout/Home_Tabs" />
			</com.whatsapp.bse.tabs.CurvedBottom>
			<com.whatsapp.components.FloatingActionButton android:id="@id/fab" style="@style/SLAYER.FAB" />
		</FrameLayout>
	</LinearLayout>
</FrameLayout>
