<?xml version='1.0' encoding='utf-8' standalone='yes' ?>
<map>
    <boolean name="key_search_border_check" value="false" />
    <int name="ModChaSendBKColor" value="-16252928" />
    <int name="quoted_text_picker" value="-1" />
    <boolean name="disable_hiddenchat_access" value="false" />
    <int name="key_avatar_border_size" value="4" />
    <boolean name="my_statusd" value="false" />
    <boolean name="chats_row_divider_picker_check" value="false" />
    <boolean name="imsHideVStatus" value="false" />
    <boolean name="key_toolbar_elevation" value="true" />
    <int name="chat_icon_bg_forward_picker" value="-7143424" />
    <boolean name="Conv_call_btn" value="false" />
    <boolean name="Hide_div" value="true" />
    <boolean name="key_fab_border_check" value="true" />
    <string name="recent">-69718‚‗‚-4613427‚‗‚-1264179‚‗‚-3743563‚‗‚-1345920843‚‗‚-1‚‗‚-16777216‚‗‚-1091783219‚‗‚-1078355251‚‗‚-4987396‚‗‚-1228480331‚‗‚-16537100‚‗‚-1125949‚‗‚-43230‚‗‚-5317‚‗‚-1610612736‚‗‚-1929379840‚‗‚-2604267‚‗‚-1762269‚‗‚-1013867‚‗‚1241513984‚‗‚-1655141‚‗‚240116‚‗‚-24576‚‗‚-1125728613‚‗‚-638548075‚‗‚-2529921‚‗‚-421960321‚‗‚-2686976‚‗‚-573112320‚‗‚-15646395‚‗‚-16640990‚‗‚-7256480‚‗‚-1140714462‚‗‚-8742257‚‗‚-525062‚‗‚-2033681‚‗‚15513037‚‗‚-852224‚‗‚-749647‚‗‚-8331542‚‗‚-1499549‚‗‚-3089921‚‗‚-7617718‚‗‚-11684180‚‗‚-16738680‚‗‚-13914325‚‗‚-1596‚‗‚-3722‚‗‚-1023342‚‗‚-139044‚‗‚-16540699‚‗‚-2825897‚‗‚-6382300‚‗‚-1907489‚‗‚-443248‚‗‚-16580088‚‗‚-1381145‚‗‚1795359240‚‗‚2045439207‚‗‚-1996488705‚‗‚-111965‚‗‚-16645879‚‗‚-503185143‚‗‚-579977‚‗‚-4342341‚‗‚-13172974‚‗‚-14312668‚‗‚-352190199‚‗‚-570294007‚‗‚-855506679‚‗‚-2719‚‗‚-6772174‚‗‚-16728876‚‗‚-12102912‚‗‚-9469943‚‗‚-16653363‚‗‚-125238‚‗‚-16711423‚‗‚-2013200127‚‗‚0‚‗‚-6796739‚‗‚-4343379‚‗‚-9166575‚‗‚-8970479‚‗‚-13485775‚‗‚-1820909807‚‗‚-12844030‚‗‚-1287912446‚‗‚-603453‚‗‚-26624‚‗‚-1290731007‚‗‚-1289157886‚‗‚-13954286‚‗‚-16121‚‗‚-1204026366‚‗‚-1036895951‚‗‚-4479105‚‗‚-973012735‚‗‚-2514636‚‗‚-13166336‚‗‚-1003022080‚‗‚-15202560‚‗‚-11110404‚‗‚-921172224‚‗‚-1294360268‚‗‚-1841882880‚‗‚-770177280‚‗‚-801695488‚‗‚-401078528‚‗‚-736622848‚‗‚-650700544‚‗‚-417855744‚‗‚-635959552‚‗‚-1122498816‚‗‚-1372120832‚‗‚-14010703‚‗‚-328966‚‗‚-1968642‚‗‚-553648128‚‗‚-11549705‚‗‚-1862270976‚‗‚-2244233‚‗‚-7835860‚‗‚-1710619‚‗‚-8845554‚‗‚268435456‚‗‚285212671‚‗‚1584989966‚‗‚236517‚‗‚16777215‚‗‚16448250‚‗‚-2574012‚‗‚-13082542‚‗‚-2659‚‗‚-10921138‚‗‚-5729416‚‗‚-10786446‚‗‚-1805948558‚‗‚1633380722‚‗‚1627389952‚‗‚822083584‚‗‚-4601904‚‗‚-530‚‗‚-12365478‚‗‚1413697882‚‗‚16774557‚‗‚-4‚‗‚11047800‚‗‚-590593‚‗‚-1834445960‚‗‚-1336321202‚‗‚-1470538930‚‗‚-13549752‚‗‚-1489944760‚‗‚-11709877‚‗‚1364021835‚‗‚-14078163‚‗‚-3814919‚‗‚-470824‚‗‚-10846385‚‗‚-16578808‚‗‚-5195865‚‗‚-15919346‚‗‚1879906062‚‗‚16306392‚‗‚12962297‚‗‚-13349332‚‗‚-1307764978‚‗‚-1162823769‚‗‚-1154200020‚‗‚-16712710‚‗‚-16726280‚‗‚16369093‚‗‚50936‚‗‚939722504‚‗‚-1778333960‚‗‚-16724737‚‗‚-1308622848‚‗‚-3667915‚‗‚-12763843‚‗‚4013373‚‗‚1895825407‚‗‚1886594855‚‗‚1879048192‚‗‚-11154330‚‗‚-3870005‚‗‚-2884647‚‗‚-12738997‚‗‚13892569‚‗‚4038219‚‗‚3227464‚‗‚16777212‚‗‚-7143424‚‗‚-16252928‚‗‚-5767164‚‗‚-1011052‚‗‚-4884‚‗‚-1391984640‚‗‚-1097662464‚‗‚-1100349440‚‗‚-536346624‚‗‚5622886‚‗‚12907211‚‗‚3427884</string>
    <boolean name="key_quick_textcolor_check" value="true" />
    <boolean name="ModOnlineColor_check" value="true" />
    <boolean name="key_avatar_border_check" value="true" />
    <int name="key_fab_color_GC" value="-15919346" />
    <boolean name="DONATION" value="true" />
    <boolean name="hide_chatting" value="false" />
    <int name="key_tab_card" value="-16252928" />
    <int name="ModWdgTitleColor" value="-2514636" />
    <boolean name="key_tab_border_check" value="true" />
    <boolean name="key_tab_color_Gactive" value="false" />
    <int name="ConvoBack" value="-16777216" />
    <boolean name="key_search_textcolor_check" value="false" />
    <boolean name="onlinechat" value="false" />
    <int name="key_tab_color" value="-16252928" />
    <boolean name="key_row_background_color_check" value="true" />
    <boolean name="enable_fivminstatus" value="true" />
    <string name="convostyle">3</string>
    <int name="HomeCounterBK" value="-16252928" />
    <int name="ModChatBubbleTextLeft" value="-1" />
    <int name="ModChatColor_GC" value="-16383998" />
    <int name="quoted_divider_picker" value="-1" />
    <string name="key_tab_styles">v2</string>
    <boolean name="chat_contactpicV2" value="false" />
    <boolean name="key_tab_card_check" value="true" />
    <boolean name="key_wallpaper_view" value="false" />
    <int name="key_navigationbar_picker" value="-7143424" />
    <int name="ModFabTextColor" value="-16252928" />
    <int name="key_stories_name" value="-7143424" />
    <boolean name="group_mypicV2" value="true" />
    <int name="ModConBackColor" value="-16777216" />
    <boolean name="yo_hideinfo" value="true" />
    <boolean name="key_badge_background_check" value="true" />
    <int name="chats_date_pending_color_picker" value="-1" />
    <int name="ModConPickColor_orient" value="0" />
    <int name="HomeCounterText" value="-5767164" />
    <boolean name="key_unseen_color_check" value="true" />
    <int name="ModFabBgColor" value="0" />
    <int name="key_tab_border" value="-7143424" />
    <boolean name="key_stories_view" value="true" />
    <boolean name="key_hide_thumbnail" value="false" />
    <int name="key_application_theme_dark" value="-15721180" />
    <boolean name="key_tab_unselect_check" value="true" />
    <boolean name="key_stories_card_check" value="false" />
    <int name="ModChatBubbleHyperlinks" value="-1" />
    <boolean name="key_hide_search" value="true" />
    <int name="ModlastseenColor" value="-1011052" />
    <boolean name="key_wave_color_check" value="true" />
    <int name="BGColor" value="-16383998" />
    <boolean name="ModConTextColor_check" value="true" />
    <int name="quoted_bg_picker" value="-16252928" />
    <boolean name="statuschat" value="true" />
    <boolean name="key_ig_thumbnail" value="false" />
    <int name="ModChatEmojiColor" value="-5767164" />
    <int name="ModChaSendColor" value="-5767164" />
    <int name="pagetitle_sel_picker" value="4038219" />
    <int name="key_counter_bg" value="12907211" />
    <int name="ModChatColor" value="-7143424" />
    <int name="tabadgeBKColor" value="3227464" />
    <boolean name="admin_check" value="false" />
    <boolean name="key_quick_bg_check" value="true" />
    <boolean name="key_home_swipe" value="false" />
    <boolean name="home_imgBK" value="true" />
    <int name="ModConBackColor_GC" value="-7507409" />
    <int name="key_quick_textcolor" value="-5767164" />
    <boolean name="custom_wall_profilepic" value="false" />
    <string name="time_online_toast_key">0</string>
    <boolean name="read_check" value="false" />
    <boolean name="IG_seen_color_Gactive" value="false" />
    <int name="key_row_radius" value="10" />
    <int name="key_fab_stroke" value="2" />
    <boolean name="IG_unseen_color_Gactive" value="false" />
    <int name="key_toolbar_picker" value="-16252928" />
    <int name="tabadgeTextColor" value="16777212" />
    <string name="ConvoEntry">16</string>
    <int name="ModConColor" value="13892569" />
    <boolean name="chats_show_contact_online_toast_check" value="false" />
    <string name="tick_style">newwaca</string>
    <int name="ModConPickColor_GC" value="-16578808" />
    <boolean name="hide_jid" value="false" />
    <boolean name="hide_fab" value="true" />
    <int name="tabindicator" value="3227464" />
    <int name="ModConBackColor_GCDir" value="0" />
    <boolean name="imsHideMStatus" value="false" />
    <boolean name="Modsto_ig_Gactive" value="true" />
    <int name="key_story_stroke" value="2" />
    <boolean name="key_quick_view" value="true" />
    <int name="key_search_textcolor" value="16777215" />
    <boolean name="my_name" value="true" />
    <int name="key_tab_select" value="-7143424" />
    <boolean name="TxtSelect" value="true" />
    <int name="pagetitle_picker" value="4038219" />
    <int name="BGColor_GC" value="-9469943" />
    <boolean name="key_fab_color_Gactive" value="false" />
    <int name="key_custom_theme" value="-1" />
    <int name="IG_unseen_color" value="-15305003" />
    <int name="key_search_rounded" value="0" />
    <boolean name="key_fab_color_check" value="true" />
    <boolean name="key_toolbar_wave" value="false" />
    <boolean name="ModlastseenColor_check" value="true" />
    <boolean name="key_hide_topscroll" value="false" />
    <boolean name="PicHead" value="false" />
    <boolean name="hide_action_a" value="false" />
    <boolean name="hide_action_b" value="false" />
    <int name="key_fab_color" value="-16252928" />
    <int name="key_tab_stroke" value="2" />
    <string name="onlinedot">0</string>
    <boolean name="ModConPickColor_Gactive" value="true" />
    <string name="HomeEntry">nami</string>
    <int name="date_divider_color_picker" value="-5767164" />
    <int name="key_tab_rounded" value="11" />
    <int name="key_avatar_size" value="40" />
    <int name="main_text" value="13" />
    <boolean name="key_fab_icon_check" value="true" />
    <int name="text_size_pick" value="16" />
    <int name="ModChatBubbleText" value="-1" />
    <boolean name="enable_IG" value="true" />
    <int name="rvkdmsg_icon_color" value="-1" />
    <int name="key_fab_color_orient" value="0" />
    <string name="key_quick_position">right</string>
    <int name="key_search_border" value="16448250" />
    <boolean name="key_tab_bg" value="true" />
    <int name="emojipopup_icons" value="-16252928" />
    <int name="chats_row_divider_picker" value="15513037" />
    <boolean name="key_stories_name_check" value="true" />
    <int name="ModFabNormalColor" value="-7143424" />
    <boolean name="hide_action_l" value="false" />
    <int name="ModContactNameColor" value="-1011052" />
    <boolean name="hide_action_m" value="false" />
    <boolean name="Audio_sensor" value="true" />
    <int name="key_row_size" value="0" />
    <string name="contact_online_tone_do">0</string>
    <int name="UnSeenColor" value="-7143424" />
    <boolean name="BGColor_Gactive" value="false" />
    <boolean name="key_search_bg_check" value="false" />
    <int name="key_card_round" value="12" />
    <int name="date_right_color" value="-1" />
    <int name="emojipopup_body" value="-16252928" />
    <string name="key_home_style">0</string>
    <boolean name="key_counter_bg_check" value="false" />
    <boolean name="NameProf" value="false" />
    <string name="chats_play_contact_online_tone"></string>
    <boolean name="key_windows_bg" value="true" />
    <int name="ModChatRightBubble" value="-1391984640" />
    <int name="key_unseen_color" value="-16252928" />
    <int name="ModChatLeftBubble" value="-1100349440" />
    <boolean name="key_navigationbar_picker_check" value="true" />
    <int name="yoTostC" value="-16252928" />
    <boolean name="yo_want_airplanemode" value="true" />
    <int name="ModDarkConPickColor" value="-16429756" />
    <boolean name="Archv_chats" value="false" />
    <boolean name="chat_mypicV2" value="false" />
    <int name="ModConTextColor" value="-1" />
    <int name="yoTostT" value="-5767164" />
    <string name="home_lay">2</string>
    <int name="key_tab_color_orient" value="4" />
    <boolean name="PicProf" value="false" />
    <int name="BGColor_GCDir" value="0" />
    <int name="Modsto_ig_GC" value="-16777216" />
    <int name="chat_icon_forward_picker" value="-536346624" />
    <int name="key_badge_textcolor" value="-5767164" />
    <boolean name="profile_toast" value="false" />
    <int name="key_tab_unselect" value="-7143424" />
    <int name="key_row_elevation" value="8" />
    <int name="IG_seen_color" value="-13082542" />
    <boolean name="key_tab_view" value="true" />
    <boolean name="key_as_thumbnail" value="true" />
    <boolean name="key_toolbar_picker_check" value="true" />
    <string name="bubble_style">d3</string>
    <int name="key_search_bg" value="236517" />
    <boolean name="ModChatColor_Gactive" value="true" />
    <boolean name="key_badge_textcolor_check" value="true" />
    <int name="ModChatBtnColor" value="-5767164" />
    <int name="key_statusbar_picker" value="-7143424" />
    <int name="key_accent_color" value="-7143424" />
    <string name="pic_startlocation">1</string>
    <int name="ModChatColor_GCDir" value="0" />
    <boolean name="key_statusbar_picker_check" value="true" />
    <boolean name="pic_inside" value="true" />
    <boolean name="AttBt" value="false" />
    <boolean name="key_translucent_statusbar" value="false" />
    <boolean name="statuses_toast" value="true" />
    <int name="date_left_color" value="-1" />
    <string name="key_chats_listanimation">1</string>
    <int name="date_bubble_color_picker" value="-16252928" />
    <boolean name="key_search_elevation" value="false" />
    <boolean name="key_tab_select_check" value="true" />
    <boolean name="key_header_curve" value="true" />
    <int name="seekbar_color_chat_picker" value="-1" />
    <int name="ModFabPressedColor" value="0" />
    <int name="statuses_bar_bg_picker" value="-7143424" />
    <int name="emojipopup_header" value="-7143424" />
    <int name="quoted_name_picker" value="-1" />
    <int name="ModChatGStatusB" value="-16252928" />
    <int name="key_badge_background" value="-16252928" />
    <boolean name="key_border_stories_card_check" value="false" />
    <boolean name="key_swipe_row" value="false" />
    <boolean name="imsHideRStatus" value="false" />
    <int name="ModChatGStatusT" value="-5767164" />
    <int name="key_fab_icon" value="-7143424" />
    <boolean name="log_show_name_check" value="true" />
    <string name="auto_notify_key">0</string>
    <int name="statuses_bar_text_picker" value="-16252928" />
    <int name="Modsto_ig_GCDir" value="0" />
    <int name="key_tab_color_GC" value="-15919346" />
    <int name="ModWdgStatusColor" value="-4479105" />
    <string name="HomeEntryStyle">timeline</string>
    <boolean name="key_border_convs_card_check" value="true" />
    <boolean name="enable_ig_stories" value="false" />
    <int name="key_quick_bg" value="-16252928" />
    <int name="key_border_stories_card" value="4038219" />
    <int name="ModConPickColor" value="-7143424" />
    <boolean name="key_hide_tabscroll" value="false" />
    <boolean name="enable_old" value="false" />
    <boolean name="key_custom_badge" value="false" />
    <string name="key_story_view">2</string>
    <int name="key_seen_color" value="-5767164" />
    <int name="key_avatar_border" value="-7143424" />
    <int name="key_application_theme_light" value="-1" />
    <int name="Modsto_ig" value="-2177927" />
    <boolean name="ModConBackColor_Gactive" value="false" />
    <int name="key_stories_card" value="5622886" />
    <int name="key_fab_rounded" value="14" />
    <int name="key_wave_color" value="-16252928" />
    <int name="pic_chat_size_pickerV2" value="40" />
    <int name="key_row_background_color" value="1879048192" />
    <boolean name="custom_wall" value="false" />
    <boolean name="elapsed_time" value="true" />
    <int name="btn_voice_color_chat_picker" value="-1" />
    <boolean name="key_fab_elevation" value="true" />
    <int name="key_search_stroke" value="2" />
    <string name="key_application_theme">0</string>
    <int name="key_fab_border" value="-7143424" />
    <int name="participant_name_color_picker" value="-1" />
    <int name="ModChatEntry" value="-16252928" />
    <boolean name="Audio_ears" value="false" />
    <int name="ModWdgBKColor" value="-13166336" />
    <int name="square_photo_ratio_picker" value="100" />
    <int name="ModChatTextColor" value="-5767164" />
    <boolean name="key_navigation_padding" value="false" />
    <boolean name="group_participants_picV2" value="true" />
    <boolean name="key_story_elevation" value="false" />
    <boolean name="key_seen_color_check" value="true" />
    <int name="key_border_convs_card" value="-7143424" />
    <int name="SeenColor" value="-16252928" />
    <int name="ModOnlineColor" value="-1011052" />
</map>
