<?xml version="1.0" encoding="utf-8"?>
<resources>
<item type="id" name="mFnmodsLinearBase">false</item>
<item type="id" name="mFnmodsIcon">false</item>
<item type="id" name="mFnmodsNameItem">false</item>
<item type="id" name="mFnmodslinearMain">false</item>
<item type="id" name="mFnmodsLinearBg">false</item>
<item type="id" name="mFnmodsLinearBg2">false</item>
<item type="id" name="mFnmodsTitle">false</item>
<item type="id" name="mFnmodsLinearProfile">false</item>
<item type="id" name="mFnmodsTextClok">false</item>
<item type="id" name="mFnmodsProfile">false</item>
<item type="id" name="mFnmodsName">false</item>
<item type="id" name="mFnmodsListData">false</item>
</resources>
