<?xml version="1.0" encoding="utf-8"?>
<resources>
<item type="id" name="vscroll1">false</item>
<item type="id" name="linear1">false</item>
<item type="id" name="linear2">false</item>
<item type="id" name="textview1">false</item>
<item type="id" name="linear3">false</item>
<item type="id" name="analogclock1">false</item>
<item type="id" name="linear4">false</item>
<item type="id" name="textview2">false</item>
<item type="id" name="linear5">false</item>
<item type="id" name="textview3">false</item>
<item type="id" name="linear6">false</item>
<item type="id" name="textview4">false</item>
<item type="id" name="linear7">false</item>
<item type="id" name="textview5">false</item>
<item type="id" name="linear8">false</item>
<item type="id" name="textview6">false</item>
<item type="id" name="linear9">false</item>
<item type="id" name="textview7">false</item>
<item type="id" name="linear10">false</item>
<item type="id" name="linear11">false</item>
<item type="id" name="imageview1">false</item>
<item type="id" name="linear12">false</item>
<item type="id" name="imageview2">false</item>
<item type="id" name="linear13">false</item>
<item type="id" name="imageview3">false</item>
<item type="id" name="webview1">false</item>
</resources>
