[
  {
    "name": "Anhanguera",
    "center": {
      "lng": -46.79296333545665,
      "lat": -23.43046902568601
    },
    "radius": 5404.9522392372
  },
  {
    "name": "Belém",
    "center": {
      "lng": -46.59470824229872,
      "lat": -23.53763587649229
    },
    "radius": 2445.3394298642
  },
  {
    "name": "Brasilândia",
    "center": {
      "lng": -46.688337355658305,
      "lat": -23.448674177973277
    },
    "radius": 4539.0386863291
  },
  {
    "name": "Cachoeirinha",
    "center": {
      "lng": -46.662045095884,
      "lat": -23.454351007817984
    },
    "radius": 4147.7140309019
  },
  {
    "name": "Campo Belo",
    "center": {
      "lng": -46.6680007108193,
      "lat": -23.628085158031208
    },
    "radius": 2866.7900516419
  },
  {
    "name": "Cangaíba",
    "center": {
      "lng": -46.51847539879749,
      "lat": -23.499048318096634
    },
    "radius": 3597.4054833438
  },
  {
    "name": "Cidade Ademar",
    "center": {
      "lng": -46.65672108225407,
      "lat": -23.673824037835786
    },
    "radius": 3851.4092391407
  },
  {
    "name": "Cidade Dutra",
    "center": {
      "lng": -46.702029540690305,
      "lat": -23.72581226377203
    },
    "radius": 5625.3769462774
  },
  {
    "name": "Cidade Líder",
    "center": {
      "lng": -46.491218845427696,
      "lat": -23.56205741081374
    },
    "radius": 3341.7147223191
  },
  {
    "name": "Cidade Tiradentes",
    "center": {
      "lng": -46.40046974798706,
      "lat": -23.584852951404248
    },
    "radius": 3823.1583313308
  },
  {
    "name": "Cursino",
    "center": {
      "lng": -46.62069542980442,
      "lat": -23.63106880048813
    },
    "radius": 4601.9391448449
  },
  {
    "name": "Ermelino Matarazzo",
    "center": {
      "lng": -46.48446710082941,
      "lat": -23.4913102156278
    },
    "radius": 2615.6675492934
  },
  {
    "name": "Grajaú",
    "center": {
      "lng": -46.66847799224378,
      "lat": -23.789409554882667
    },
    "radius": 8779.1614461555
  },
  {
    "name": "Guaianases",
    "center": {
      "lng": -46.40668889140685,
      "lat": -23.55641895887752
    },
    "radius": 3016.8167711343
  },
  {
    "name": "Iguatemi",
    "center": {
      "lng": -46.42683326993995,
      "lat": -23.612554567951772
    },
    "radius": 4442.9466144014
  },
  {
    "name": "Itaim Paulista",
    "center": {
      "lng": -46.38638904202554,
      "lat": -23.503315187663137
    },
    "radius": 3248.7855727847
  },
  {
    "name": "Jabaquara",
    "center": {
      "lng": -46.64583528054156,
      "lat": -23.6505458304867
    },
    "radius": 3512.8614063838
  },
  {
    "name": "Jaguaré",
    "center": {
      "lng": -46.74856374578883,
      "lat": -23.54390952095118
    },
    "radius": 2389.7627957371
  },
  {
    "name": "Jaraguá",
    "center": {
      "lng": -46.7399467072425,
      "lat": -23.44600382201752
    },
    "radius": 5222.6991608182
  },
  {
    "name": "Jardim Helena",
    "center": {
      "lng": -46.41290568817754,
      "lat": -23.48361603842407
    },
    "radius": 3451.7637461081
  },
  {
    "name": "Jardim São Luís",
    "center": {
      "lng": -46.73941387288591,
      "lat": -23.680793460041105
    },
    "radius": 5251.3492429615
  },
  {
    "name": "Jardim Ângela",
    "center": {
      "lng": -46.767620300307826,
      "lat": -23.71611270990702
    },
    "radius": 6018.872344864
  },
  {
    "name": "Jaçanã",
    "center": {
      "lng": -46.574890459552144,
      "lat": -23.46216134765057
    },
    "radius": 3720.6743957248
  },
  {
    "name": "José Bonifácio",
    "center": {
      "lng": -46.432538685123326,
      "lat": -23.567434483547736
    },
    "radius": 3788.7750301282
  },
  {
    "name": "Lajeado",
    "center": {
      "lng": -46.40864629117567,
      "lat": -23.533691555707783
    },
    "radius": 3062.3997151202
  },
  {
    "name": "Mandaqui",
    "center": {
      "lng": -46.64077332586649,
      "lat": -23.45933919873972
    },
    "radius": 3900.2492666336
  },
  {
    "name": "Parelheiros",
    "center": {
      "lng": -46.716391671668845,
      "lat": -23.83016444053647
    },
    "radius": 13757.12422877
  },
  {
    "name": "Parque do Carmo",
    "center": {
      "lng": -46.4629206495726,
      "lat": -23.57604741457615
    },
    "radius": 3630.5760745036
  },
  {
    "name": "Pedreira",
    "center": {
      "lng": -46.65018854356156,
      "lat": -23.7068666865719
    },
    "radius": 4346.6779130616
  },
  {
    "name": "Penha",
    "center": {
      "lng": -46.528774101659714,
      "lat": -23.523192282262173
    },
    "radius": 3883.8802033803
  },
  {
    "name": "Perus",
    "center": {
      "lng": -46.74600294915019,
      "lat": -23.40796888489772
    },
    "radius": 4679.3368050615
  },
  {
    "name": "Pirituba",
    "center": {
      "lng": -46.72612250434876,
      "lat": -23.4808432358364
    },
    "radius": 4136.8387544768
  },
  {
    "name": "Ponte Rasa",
    "center": {
      "lng": -46.493225811943866,
      "lat": -23.515852442406818
    },
    "radius": 2624.8112932014
  },
  {
    "name": "Raposo Tavares",
    "center": {
      "lng": -46.78563982663354,
      "lat": -23.59245967419925
    },
    "radius": 3430.9528510922
  },
  {
    "name": "Rio Pequeno",
    "center": {
      "lng": -46.75888613115239,
      "lat": -23.571287693189266
    },
    "radius": 3113.0943605651
  },
  {
    "name": "Socorro",
    "center": {
      "lng": -46.713836258302095,
      "lat": -23.68561499472816
    },
    "radius": 3435.1915868455
  },
  {
    "name": "São Domingos",
    "center": {
      "lng": -46.74723460130778,
      "lat": -23.493394580730154
    },
    "radius": 3493.828799497
  },
  {
    "name": "São Lucas",
    "center": {
      "lng": -46.54356037823868,
      "lat": -23.594620713714725
    },
    "radius": 3129.8004146453
  },
  {
    "name": "São Miguel Paulista",
    "center": {
      "lng": -46.440758722933964,
      "lat": -23.501128346875408
    },
    "radius": 3024.9461206626
  },
  {
    "name": "São Rafael",
    "center": {
      "lng": -46.45398316465995,
      "lat": -23.628210045460982
    },
    "radius": 3272.6220083804
  },
  {
    "name": "Tremembé",
    "center": {
      "lng": -46.58933552003128,
      "lat": -23.417651687026357
    },
    "radius": 7967.5194695539
  },
  {
    "name": "Vila Curuçá",
    "center": {
      "lng": -46.41566979811909,
      "lat": -23.509924066162394
    },
    "radius": 2890.1935033289
  },
  {
    "name": "Vila Jacuí",
    "center": {
      "lng": -46.46152524444303,
      "lat": -23.502565837143777
    },
    "radius": 2765.7339147592
  },
  {
    "name": "Vila Leopoldina",
    "center": {
      "lng": -46.734366241063924,
      "lat": -23.529213507921405
    },
    "radius": 2401.6429425104
  },
  {
    "name": "Vila Maria",
    "center": {
      "lng": -46.577725137564755,
      "lat": -23.513008400177426
    },
    "radius": 2876.4918888366
  },
  {
    "name": "Vila Prudente",
    "center": {
      "lng": -46.5726584970274,
      "lat": -23.592593385799294
    },
    "radius": 3216.7970908172
  },
  {
    "name": "Vila Sônia",
    "center": {
      "lng": -46.739193072964646,
      "lat": -23.59936029339648
    },
    "radius": 2826.5612093641
  }
]
