<?xml version="1.0" encoding="utf-8" ?>
<FrameLayout xmlns:android="http://schemas.android.com/apk/res/android" xmlns:whatsapp="http://schemas.android.com/apk/res-auto" android:id="@id/root_view" android:layout_width="fill_parent" android:layout_height="fill_parent">
	<FrameLayout android:layout_gravity="bottom" android:id="@id/navigation_bar_protection" android:background="@android:color/black" android:layout_width="fill_parent" android:layout_height="wrap_content" />
	<FrameLayout android:id="@id/camera_frame" android:layout_width="fill_parent" android:layout_height="fill_parent" />
	<LinearLayout android:orientation="vertical" android:fitsSystemWindows="true" android:layout_width="fill_parent" android:layout_height="fill_parent">
		<RelativeLayout android:id="@id/call_notification" android:background="@drawable/call_duration_bar_background" android:paddingLeft="16.0dip" android:paddingTop="8.0dip" android:paddingRight="16.0dip" android:paddingBottom="8.0dip" android:layout_width="fill_parent" android:layout_height="wrap_content">
			<com.whatsapp.WaTextView android:textSize="17.0sp" android:textColor="@color/callBannerText" android:layout_width="wrap_content" android:layout_height="wrap_content" android:text="@string/tap_to_return_to_call" android:layout_toLeftOf="@id/call_notification_timer" android:layout_alignParentLeft="true" />
			<com.whatsapp.WaTextView android:textSize="16.0sp" android:textColor="@color/callBannerText" android:gravity="center_vertical" android:id="@id/call_notification_timer" android:layout_width="wrap_content" android:layout_height="wrap_content" android:layout_alignParentRight="true" android:textAllCaps="true" />
		</RelativeLayout>
		<FrameLayout android:id="@android:id/content" android:layout_width="fill_parent" android:layout_height="fill_parent">
			<FrameLayout android:id="@id/pager_holder" android:paddingTop="0.0dip" android:layout_width="fill_parent" android:layout_height="fill_parent">
				<view android:id="@id/pager" android:layout_width="fill_parent" android:layout_height="fill_parent" class="com.whatsapp.HomeActivity$TabsPager" />
			</FrameLayout>
			<com.mod.crescento.CrescentoContainer android:id="@id/crescentoContainer" android:layout_width="fill_parent" android:layout_height="100.0dip" android:scaleType="centerCrop" android:elevation="10.0dip">
				<com.whatsapp.WallLinearLayout android:orientation="vertical" android:background="@color/primary" android:layout_width="fill_parent" android:layout_height="fill_parent" />
				<include layout="@layout/toolbar" />
				<LinearLayout android:orientation="vertical" android:layout_width="fill_parent" android:layout_height="fill_parent">
					<FrameLayout android:orientation="vertical" android:layout_width="fill_parent" android:layout_height="fill_parent">
						<begal.drawer.HomeProfile android:gravity="center" android:layout_gravity="center" android:id="@id/begal_profile" android:layout_width="80.0dip" android:layout_height="80.0dip" android:elevation="15.0dip" whatsapp:tbtnRadius="@dimen/mid_avatar_radius" />
					</FrameLayout>
				</LinearLayout>
			</com.mod.crescento.CrescentoContainer>
			<LinearLayout android:orientation="vertical" android:id="@id/header" android:background="#00000000" android:layout_width="fill_parent" android:layout_height="wrap_content">
				<View android:id="@id/toolbar_padding" android:layout_width="0.0dip" android:layout_height="0.0dip" />
				<com.whatsapp.HomePagerSlidingTabStrip android:id="@id/tabs" android:background="?colorPrimary" android:layout_width="fill_parent" android:layout_height="@dimen/tab_height" whatsapp:pstsDividerColor="@color/transparent" whatsapp:pstsIndicatorColor="@color/homeActivityTabIndicator" />
			</LinearLayout>
			<FrameLayout android:id="@id/search_fragment_holder" android:visibility="gone" android:layout_width="fill_parent" android:layout_height="wrap_content" android:elevation="@dimen/actionbar_elevation" />
			<FrameLayout android:id="@id/search_holder" android:visibility="invisible" android:layout_width="fill_parent" android:layout_height="@dimen/abc_action_bar_default_height_material" android:elevation="@dimen/actionbar_elevation" />
			<ViewStub android:layout_gravity="center|right|top" android:id="@id/filter_chat_tip_view_stub" android:layout_width="wrap_content" android:layout_height="wrap_content" android:layout_marginTop="@dimen/abc_action_bar_default_height_material" />
			<com.whatsapp.components.FloatingActionButton android:id="@id/fab_aux" android:visibility="gone" android:layout_marginBottom="@dimen/fab_aux_margin_bottom" android:contentDescription="@string/menuitem_new_text_status" whatsapp:tint="@color/fabSecondaryContent" style="@style/WA.FAB.Secondary" />
			<com.whatsapp.components.FloatingActionButton android:id="@id/fab" style="@style/WA.FAB" />
		</FrameLayout>
	</LinearLayout>
	<FrameLayout android:id="@id/preview_container" android:layout_width="fill_parent" android:layout_height="fill_parent" />
</FrameLayout>
