<?xml version="1.0" encoding="utf-8" ?>
<PreferenceScreen xmlns:android="http://schemas.android.com/apk/res/android" android:title="@string/settings_privacy">
	<Preference android:layout="@xml/ziz_global" android:selectable="false" />
	<Preference android:layout="@xml/ziz_setting" android:selectable="false" />
	<SwitchPreference android:icon="@drawable/DX_Priv" android:title="@string/SamHideSeen" android:key="HideSeen" android:summary="@string/SamHideSeenSum" android:defaultValue="false" />
	<Preference android:layout="@xml/ziz_setting" android:selectable="false" />
	<SwitchPreference android:icon="@drawable/DX_Priv" android:title="@string/DisableFwd" android:key="DisableFwd" android:summary="@string/DisableFwdS" android:defaultValue="false" />
	<Preference android:layout="@xml/ziz_setting" android:selectable="false" />
	<SwitchPreference android:icon="@drawable/DX_Priv" android:title="@string/SamBOR" android:key="BlueOnReply" android:summary="@string/SamBORsum" android:dependency="C_HideRead" android:defaultValue="false" />
	<Preference android:layout="@xml/ziz_setting" android:selectable="false" />
	<SwitchPreference android:icon="@drawable/DX_Priv" android:title="@string/SamAR" android:key="Antirevoke" android:summary="@string/SamARsum" android:defaultValue="false" />
	<Preference android:layout="@xml/ziz_status" android:selectable="false" />
	<Preference android:layout="@xml/ziz_setting" android:selectable="false" />
	<SwitchPreference android:icon="@drawable/DX_Priv" android:title="Hide Status View" android:key="hide_status" android:summary="Don't Tell contact that you viewed their status" android:defaultValue="false" />
	<Preference android:layout="@xml/ziz_contacts" android:selectable="false" />
	<Preference android:layout="@xml/ziz_setting" android:selectable="false" />
	<SwitchPreference android:icon="@drawable/DX_Priv" android:title="@string/SamHideRead" android:key="C_HideRead" android:summary="@string/SamHideReadSumC" android:defaultValue="false" />
	<Preference android:layout="@xml/ziz_setting" android:selectable="false" />
	<SwitchPreference android:icon="@drawable/DX_Priv" android:title="@string/SamHideReceipt" android:key="C_HideReceipt" android:summary="@string/SamHideReceiptSumC" android:defaultValue="false" />
	<Preference android:layout="@xml/ziz_setting" android:selectable="false" />
	<Preference android:layout="@xml/ziz_setting" android:selectable="false" />
	<SwitchPreference android:icon="@drawable/DX_Priv" android:title="@string/SamHidePlay" android:key="HidePlayC" android:summary="@string/SamHidePlaySumC" android:defaultValue="false" />
	<Preference android:layout="@xml/ziz_setting" android:selectable="false" />
	<SwitchPreference android:icon="@drawable/DX_Priv" android:title="@string/SamHideRecord" android:key="C_HideRecord" android:summary="@string/SamHideRecordSum" android:defaultValue="false" />
	<Preference android:layout="@xml/ziz_setting" android:selectable="false" />
	<SwitchPreference android:icon="@drawable/DX_Priv" android:title="@string/SamHideCompose" android:key="C_HideCompose" android:summary="@string/SamHideComposeSum" android:defaultValue="false" />
	<Preference android:layout="@xml/ziz_group" android:selectable="false" />
	<Preference android:layout="@xml/ziz_setting" android:selectable="false" />
	<SwitchPreference android:icon="@drawable/DX_Priv" android:title="@string/SamHideRead" android:key="G_HideRead" android:summary="@string/SamHideReadSumG" android:defaultValue="false" />
	<Preference android:layout="@xml/ziz_setting" android:selectable="false" />
	<SwitchPreference android:icon="@drawable/DX_Priv" android:title="@string/SamHideReceipt" android:key="G_HideReceipt" android:summary="@string/SamHideReceiptSumG" android:defaultValue="false" />
	<Preference android:layout="@xml/ziz_setting" android:selectable="false" />
	<SwitchPreference android:icon="@drawable/DX_Priv" android:title="@string/SamHidePlay" android:key="G_HidePlayG" android:summary="@string/SamHidePlaySumG" android:defaultValue="false" />
	<Preference android:layout="@xml/ziz_setting" android:selectable="false" />
	<SwitchPreference android:icon="@drawable/DX_Priv" android:title="@string/SamHideRecord" android:key="G_HideRecord" android:summary="@string/SamHideRecordSum" android:defaultValue="false" />
	<Preference android:layout="@xml/ziz_setting" android:selectable="false" />
	<SwitchPreference android:icon="@drawable/DX_Priv" android:title="@string/SamHideCompose" android:key="G_HideCompose" android:summary="@string/SamHideComposeSum" android:defaultValue="false" />
	<Preference android:layout="@xml/ziz_broadcast" android:selectable="false" />
	<Preference android:layout="@xml/ziz_setting" android:selectable="false" />
	<SwitchPreference android:icon="@drawable/DX_Priv" android:title="@string/SamHideRead" android:key="B_HideRead" android:summary="@string/SamHideReadSumB" android:defaultValue="false" />
	<Preference android:layout="@xml/ziz_setting" android:selectable="false" />
	<SwitchPreference android:icon="@drawable/DX_Priv" android:title="@string/SamHideReceipt" android:key="B_HideReceipt" android:summary="@string/SamHideReceiptSumB" android:defaultValue="false" />
	<Preference android:layout="@xml/ziz_setting" android:selectable="false" />
	<SwitchPreference android:icon="@drawable/DX_Priv" android:title="@string/SamHideRecord" android:key="B_HideRecord" android:summary="@string/SamHideRecordSum" android:defaultValue="false" />
	<Preference android:layout="@xml/ziz_setting" android:selectable="false" />
	<SwitchPreference android:icon="@drawable/DX_Priv" android:title="@string/SamHideCompose" android:key="B_HideCompose" android:summary="@string/SamHideComposeSum" android:defaultValue="false" />
	<Preference android:layout="@xml/ziz_reset" android:selectable="false" />
	<Preference android:layout="@xml/ziz_setting" android:selectable="false" />
	<com.sammods.Activities android:title="Reset" android:key="reset" android:summary="Reset Your All Privacy Settings To Default." />
	<Preference android:layout="@xml/ziz_setting" android:selectable="false" />
</PreferenceScreen>
