<?xml version="1.0" encoding="utf-8" ?>
<ScrollView xmlns:android="http://schemas.android.com/apk/res/android" android:layout_width="fill_parent" android:layout_height="wrap_content" android:fillViewport="true">
	<LinearLayout android:orientation="vertical" android:id="@id/openc" android:layout_width="fill_parent" android:layout_height="wrap_content" android:layout_marginLeft="10.0dip" android:layout_marginTop="5.0dip" android:layout_marginRight="10.0dip" android:layout_marginBottom="5.0dip">
		<LinearLayout android:gravity="center_vertical" android:orientation="horizontal" android:layout_width="fill_parent" android:layout_height="wrap_content" android:layout_marginLeft="15.0dip" android:layout_marginRight="15.0dip">
			<ImageView android:layout_width="3.0dip" android:layout_height="3.0dip" android:src="@drawable/circle" android:tint="#ff000000" />
			<ImageView android:layout_width="0.0dip" android:layout_height="1.0dip" android:src="#ffff0000" android:layout_weight="1.0" />
			<ImageView android:layout_width="3.0dip" android:layout_height="3.0dip" android:src="@drawable/circle" android:tint="#ff000000" />
		</LinearLayout>
		<LinearLayout android:gravity="center_vertical" android:orientation="horizontal" android:layout_width="fill_parent" android:layout_height="wrap_content" android:layout_marginLeft="0.0dip" android:layout_marginRight="0.0dip">
			<ImageView android:layout_width="3.0dip" android:layout_height="3.0dip" android:src="@drawable/circle" android:tint="#ff000000" />
			<ImageView android:layout_width="0.0dip" android:layout_height="1.0dip" android:src="#ffff0000" android:layout_weight="1.0" />
			<ImageView android:layout_width="3.0dip" android:layout_height="3.0dip" android:src="@drawable/circle" android:tint="#ff000000" />
			<ViewFlipper android:layout_gravity="center" android:layout_width="wrap_content" android:layout_height="wrap_content" android:inAnimation="@anim/ziz_a" android:outAnimation="@anim/ziz_b" android:flipInterval="2200" android:autoStart="true">
				<TextView android:textStyle="italic" android:textColor="#ff000000" android:gravity="center" android:layout_gravity="center" android:layout_width="wrap_content" android:layout_height="wrap_content" android:layout_marginLeft="4.0dip" android:layout_marginRight="4.0dip" android:text="SUBSCRIBE ZIZ MOD YT" />
				<TextView android:textStyle="italic" android:textColor="#ffff0000" android:gravity="center" android:layout_gravity="center" android:layout_width="wrap_content" android:layout_height="wrap_content" android:layout_marginLeft="4.0dip" android:layout_marginRight="4.0dip" android:text="SUBSCRIBE ZIZ MOD YT" />
			</ViewFlipper>
			<ImageView android:layout_width="3.0dip" android:layout_height="3.0dip" android:src="@drawable/circle" android:tint="#ffff0000" />
			<ImageView android:layout_width="0.0dip" android:layout_height="1.0dip" android:src="#ff000000" android:layout_weight="1.0" />
			<ImageView android:layout_width="3.0dip" android:layout_height="3.0dip" android:src="@drawable/circle" android:tint="#ffff0000" />
		</LinearLayout>
		<LinearLayout android:gravity="center_vertical" android:orientation="horizontal" android:layout_width="fill_parent" android:layout_height="wrap_content" android:layout_marginLeft="15.0dip" android:layout_marginRight="15.0dip">
		<ImageView android:layout_width="3.0dip" android:layout_height="3.0dip" android:src="@drawable/circle" android:tint="#ffff0000" />
			<ImageView android:layout_width="0.0dip" android:layout_height="1.0dip" android:src="#ff000000" android:layout_weight="1.0" />
			<ImageView android:layout_width="3.0dip" android:layout_height="3.0dip" android:src="@drawable/circle" android:tint="#ffff0000" />
		</LinearLayout>
	</LinearLayout>
</ScrollView>
