<?xml version="1.0" encoding="utf-8"?>
<resources>
<string-array name="jazzy_effects"><item>standard</item><item>Grow</item><item>Cards</item><item>Curl</item><item>Wave</item><item>Flip</item><item>Fly</item><item>ReverseFly</item><item>Helix</item><item>Fan</item><item>Tilt</item><item>Zipper</item><item>Fade</item><item>Twirl</item><item>SlideIn</item></string-array>
<string-array name="jazzy_values"><item>0</item><item>1</item><item>2</item><item>3</item><item>4</item><item>5</item><item>6</item><item>7</item><item>8</item><item>9</item><item>10</item><item>11</item><item>12</item><item>13</item><item>14</item><item>15</item></string-array>
<string-array name="bse_effects_snow_labels"><item>Neve</item><item>Folhas</item><item>Flores</item><item>Chuva</item><item>Bolhas</item></string-array>
<string-array name="bse_effects_snow_values"><item>0</item><item>1</item><item>2</item><item>3</item><item>4</item></string-array>
</resources>
