<?xml version="1.0" encoding="utf-8"?>
<resources>
<string name="bse_snow_home">Início</string>
<string name="bse_snow_conversation">Conversa</string>
<string name="bse_snow_activated">Habilitar efeito</string>
<string name="bse_snow_intensity">Intensidade</string>
<string name="bse_snow_speed">Velocidade</string>
<string name="bse_snow_off">Desactivate</string>
<string name="bse_snow_on">Activate</string>
<string name="bse_snow_animation_drawable">Effects of Precipitation</string>
</resources>
