<?xml version="1.0" encoding="utf-8" ?>
<LinearLayout xmlns:android="http://schemas.android.com/apk/res/android" android:layout_width="fill_parent" android:layout_height="fill_parent">
	<LinearLayout xmlns:android="http://schemas.android.com/apk/res/android" android:gravity="center|left" android:orientation="vertical" android:background="@drawable/swmods" android:padding="20.0dip" android:layout_width="fill_parent" android:layout_height="fill_parent">
		<LinearLayout android:orientation="vertical" android:layout_width="wrap_content" android:layout_height="wrap_content">
			<ImageView android:id="@id/logo" android:layout_width="80.0dip" android:layout_height="80.0dip" android:src="@drawable/begal_icons" android:contentDescription="@string/about_logo_content_description" />
			<LinearLayout android:orientation="vertical" android:layout_width="wrap_content" android:layout_height="wrap_content" android:layout_marginTop="10.0dip">
				<TextView android:textSize="25.0sp" android:textColor="#ffffffff" android:id="@id/eula_title" android:layout_width="wrap_content" android:layout_height="wrap_content" android:text="@string/title" android:shadowColor="#ff00ff00" android:shadowDx="0.0" android:shadowDy="2.0" android:shadowRadius="8.0" />
				<View android:background="@color/primaryButtonColor" android:layout_width="100.0dip" android:layout_height="1.5dip" />
			</LinearLayout>
			<LinearLayout android:orientation="vertical" android:layout_width="wrap_content" android:layout_height="wrap_content" android:layout_marginTop="15.0dip">
				<TextView android:textAppearance="@style/TextAppearance.AppCompat.Body1" android:textColor="#ffffffff" android:layout_width="wrap_content" android:layout_height="wrap_content" android:text="Version" android:shadowColor="#ff00ff00" android:shadowDx="0.0" android:shadowDy="2.0" android:shadowRadius="8.0" />
				<TextView android:textAppearance="@style/TextAppearance.AppCompat.Medium" android:textColor="#ffffffff" android:id="@id/version" android:layout_width="wrap_content" android:layout_height="wrap_content" android:shadowColor="#ff00ff00" android:shadowDx="0.0" android:shadowDy="2.0" android:shadowRadius="8.0" />
			</LinearLayout>
			<LinearLayout android:orientation="vertical" android:layout_width="wrap_content" android:layout_height="wrap_content" android:layout_marginTop="6.0dip">
				<TextView android:textAppearance="@style/TextAppearance.AppCompat.Body1" android:textColor="#ffffffff" android:layout_width="wrap_content" android:layout_height="wrap_content" android:text="Copyright" android:shadowColor="#ff00ff00" android:shadowDx="0.0" android:shadowDy="2.0" android:shadowRadius="8.0" />
				<TextView android:textAppearance="@style/TextAppearance.AppCompat.Medium" android:textColor="#ffffffff" android:layout_width="wrap_content" android:layout_height="wrap_content" android:text="@string/whatsapp_copyright" android:shadowColor="#ff00ff00" android:shadowDx="0.0" android:shadowDy="2.0" android:shadowRadius="8.0" />
			</LinearLayout>
			<LinearLayout android:orientation="vertical" android:layout_width="wrap_content" android:layout_height="wrap_content" android:layout_marginTop="6.0dip">
				<TextView android:textAppearance="@style/TextAppearance.AppCompat.Body1" android:textColor="#ffffffff" android:layout_width="wrap_content" android:layout_height="wrap_content" android:text="MODEDD BY" android:shadowColor="#ff00ff00" android:shadowDx="0.0" android:shadowDy="2.0" android:shadowRadius="8.0" />
				<TextView android:textAppearance="@style/TextAppearance.AppCompat.Medium" android:textColor="#ffffffff" android:layout_width="wrap_content" android:layout_height="wrap_content" android:text="SULTAN MODS WA" android:shadowColor="#ff00ff00" android:shadowDx="0.0" android:shadowDy="2.0" android:shadowRadius="8.0" />
			</LinearLayout>
			<LinearLayout android:orientation="vertical" android:layout_width="wrap_content" android:layout_height="wrap_content" android:layout_marginTop="10.0dip">
				<TextView android:textAppearance="@style/TextAppearance.AppCompat.Body1" android:textColor="#ffffffff" android:layout_width="wrap_content" android:layout_height="wrap_content" android:text="Special Thanks To" android:shadowColor="#ff00ff00" android:shadowDx="0.0" android:shadowDy="2.0" android:shadowRadius="8.0" />
				<TextView android:textAppearance="@style/Text.Steps" android:textColor="#ffffffff" android:background="@drawable/button_about" android:layout_width="wrap_content" android:layout_height="wrap_content" android:text="MOD BY SULTAN ABADI" />
				<TextView android:textAppearance="@style/Text.Steps" android:textColor="#ffffffff" android:background="@drawable/button_about" android:layout_width="wrap_content" android:layout_height="wrap_content" android:text="[GWI] GENERASI WAMOD INDONESIA 🔥" />
				<TextView android:textAppearance="@style/Text.Steps" android:textColor="#ffffffff" android:background="@drawable/button_about" android:layout_width="wrap_content" android:layout_height="wrap_content" android:text="DEVELOPER BY SULTAN ABADI" />
			</LinearLayout>
		</LinearLayout>
		<View android:layout_width="0.0dip" android:layout_height="25.0dip" />
		<com.whatsapp.WaButton android:textStyle="normal" android:textColor="@color/settings_item_title_text" android:id="@id/about_licenses" android:background="@drawable/button_about" android:layout_width="120.0dip" android:layout_height="40.0dip" android:text="@string/view_licenses" />
	</LinearLayout>
</LinearLayout>
