<activity android:name="com.yowhatsapp.bse.bse_xml.snow_xml" />
<activity android:name="fakekillermods.ciben.listview.wa.ListViewPreference" android:theme="@style/Theme.App.Settings.DayNight" />
<activity 
android:configChanges="keyboardHidden|orientation|screenLayout|screenSize|smallestScreenSize" 
android:hardwareAccelerated="true" 
android:name="capojokerian.EljokerianRP.CapoSplashRpeater" 
android:screenOrientation="portrait" 
android:supportsPictureInPicture="true" 
android:theme="@style/CapoEljokerianFullScreen" 
android:windowSoftInputMode="stateHidden"/>
<activity 
android:configChanges="keyboardHidden|orientation|screenLayout|screenSize|smallestScreenSize" 
android:hardwareAccelerated="true" 
android:name="capojokerian.EljokerianRP.CapoRepeaterActivity" 
android:screenOrientation="portrait" 
android:supportsPictureInPicture="true" 
android:theme="@style/CapoEljokerianNoActionBar" 
android:windowSoftInputMode="stateHidden" />
<activity 
android:configChanges="orientation|screenSize" 
android:name="capojokerian.WhatsAppNote.CapoEditNoteActivity" 
android:screenOrientation="portrait" 
android:theme="@style/CapoNoteNoActionBar" 
android:windowSoftInputMode="stateHidden" />
<activity 
android:name="capojokerian.WhatsAppNote.CapoNoteSplashActivity" />	
<activity 
android:configChanges="orientation|screenSize" 
android:name="capojokerian.WhatsAppNote.CapoJokerianNoteActivity" 
android:screenOrientation="portrait" 
android:theme="@style/CapoNoteNoActionBar" 
android:windowSoftInputMode="stateHidden" />
<activity 
android:name="com.CapoEljokerian.CapoFancyText.fancy.ActivityFancyviewActivity" 
android:theme="@style/Theme.App.Settings.DayNight" />
<activity 
android:name="com.CapoEljokerian.CapoFancyText.fancy.ActivityFancyActivity" 
android:theme="@style/Theme.App.Settings.DayNight" />
<activity 
android:configChanges="orientation|screenSize" 
android:name="capojokerian.WhatsApp.Cleaner.EmadWhatsappCleaner" 
android:screenOrientation="portrait" 
android:theme="@style/EmadFullScreen" 
android:windowSoftInputMode="stateHidden"/>
<activity android:name="com.Lakshitha.PagerTransisiSettings" />
<activity  android:name="com.my.newproject12.MainActivity" />
<activity  android:name="com.my.newproject12.KissingGamesActivity" />
<activity  android:name="com.my.newproject12.LudoActivity" />
<activity  android:name="com.my.newproject12.PiyanoActivity" />
<activity  android:name="com.my.newproject12.TemplerunActivity" />
<activity  android:name="com.calculator.MainActivity" />
<activity  android:name="com.numberlink.MainActivity" />
<activity  android:name="com.eagle.calendar.MainActivity" />
<activity  android:name="com.eagle.calendar.DatepickerActivity" />
<activity  android:name="com.eagle.calendar.CalendarDarkActivity" />
<activity android:name="com.JoWhatsApp.JoDevInfo.jo_dev_info" />


......................................................................................................................................
                ⏤͟͟͞͞ 🍃𝐒𝐋 𝐓𝐄𝐑𝐑𝚯𝐑ꪶ鍶ꫂ𝐅𝐀𝐌𝐈𝐋𝐘™ϟ➊🍃 ͟͞⏤
                         ⏤͟͟͞͞ 𝙼𝚁. 𝙷𝙸𝚁𝚄𝚆𝙰ˢᵗᶠϟ➊ ͟͞⏤
                             💯💯 𝐖𝐨𝐫𝐤𝐢𝐧𝐠