<?xml version='1.0' encoding='utf-8' standalone='yes' ?>
<map>
    <boolean name="key_decrypt_info" value="false" />
    <int name="ModChaSendBKColor" value="-1" />
    <boolean name="disable_hiddenchat_access" value="false" />
    <int name="key_avatar_border_size" value="2" />
    <boolean name="my_statusd" value="true" />
    <boolean name="chats_row_divider_picker_check" value="true" />
    <boolean name="imsHideVStatus" value="false" />
    <boolean name="key_toast_profile" value="true" />
    <int name="key_toast_status_bg" value="-10603087" />
    <boolean name="date_bubble_color_picker_Gactive" value="false" />
    <boolean name="newAttach_BottomDesign" value="false" />
    <boolean name="key_toolbar_elevation" value="true" />
    <boolean name="Conv_call_btn" value="false" />
    <boolean name="Hide_div" value="false" />
    <boolean name="key_fab_border_check" value="true" />
    <boolean name="key_quick_textcolor_check" value="true" />
    <boolean name="ModOnlineColor_check" value="true" />
    <boolean name="key_avatar_border_check" value="true" />
    <string name="key_toast_duration">0</string>
    <int name="key_outgoing_corner" value="12" />
    <int name="key_cover_height" value="66" />
    <boolean name="key_incoming_bubble_check" value="false" />
    <boolean name="onlinechat" value="false" />
    <boolean name="enable_fivminstatus" value="true" />
    <string name="ui_home_styleV3">stock</string>
    <boolean name="key_floating_chat" value="true" />
    <boolean name="RingColor_check" value="true" />
    <int name="key_card_title" value="-1" />
    <int name="key_homecard_elevations" value="0" />
    <int name="HomeCounterBK" value="-10603087" />
    <boolean name="enable_grp_separationV2" value="true" />
    <boolean name="chat_contactpicV2" value="false" />
    <int name="key_navigationbar_picker" value="-1" />
    <boolean name="key_wallpaper_view" value="false" />
    <int name="key_curvature_height" value="30" />
    <boolean name="key_counter_tx_Gactive" value="false" />
    <int name="key_stories_name" value="-10603087" />
    <boolean name="group_mypicV2" value="false" />
    <boolean name="key_avatar_view" value="true" />
    <boolean name="yo_hideinfo" value="false" />
    <boolean name="key_toast_online_bg_check" value="true" />
    <boolean name="Hide_contact_picker_section_recent_chats" value="false" />
    <string name="key_ig_view">stories</string>
    <int name="key_counter_tx" value="-1" />
    <int name="key_bubble_stroke_color" value="-328966" />
    <int name="HomeCounterText" value="-1" />
    <boolean name="tabadgeTextColor_check" value="true" />
    <boolean name="key_unseen_color_check" value="true" />
    <boolean name="key_typing_color_check" value="true" />
    <boolean name="key_hide_thumbnail" value="false" />
    <boolean name="pagetitle_picker_check" value="true" />
    <boolean name="onlineDotchat" value="false" />
    <boolean name="key_stories_card_check" value="true" />
    <int name="ModChatBubbleHyperlinks" value="-10603087" />
    <boolean name="key_hide_search" value="false" />
    <int name="ModlastseenColor" value="-10603087" />
    <boolean name="Hide_contact_picker_section_frequent_chats" value="false" />
    <int name="key_toast_rounded" value="9" />
    <int name="key_gradient_ring_GOrient" value="0" />
    <string name="HISTORY">[0,-7461718,-6982195,-1,-10603087]</string>
    <boolean name="statuschat" value="false" />
    <boolean name="key_ig_thumbnail" value="false" />
    <int name="ModChatEmojiColor" value="-10603087" />
    <boolean name="ModChaSendColor_Gactive" value="false" />
    <int name="ModChaSendColor" value="-10603087" />
    <int name="pagetitle_sel_picker" value="-10603087" />
    <int name="key_counter_bg" value="-7461718" />
    <int name="ModChatColor" value="-1" />
    <int name="tabadgeBKColor" value="-10603087" />
    <boolean name="admin_check" value="true" />
    <boolean name="key_tab_divider" value="true" />
    <boolean name="key_home_swipe" value="false" />
    <boolean name="emojipopup_header_Gactive" value="false" />
    <int name="key_quick_textcolor" value="-12105903" />
    <int name="key_fastscroll_round" value="20" />
    <boolean name="custom_wall_profilepic" value="false" />
    <boolean name="HomeBarText_check" value="true" />
    <string name="delight_app_theme">1</string>
    <boolean name="stkr_wantsendconfirmation" value="true" />
    <boolean name="key_kenburn_cover" value="false" />
    <int name="key_row_radius" value="12" />
    <int name="key_fab_stroke" value="0" />
    <int name="tabadgeTextColor" value="-1" />
    <string name="ConvoEntry">24</string>
    <boolean name="RingColor_Gactive" value="false" />
    <boolean name="chats_show_contact_online_toast_check" value="true" />
    <int name="key_gradient_ring_GC" value="-7461718" />
    <boolean name="HomeCounterBK_check" value="true" />
    <boolean name="key_custom_icon" value="true" />
    <string name="key_navigation_tabview">1</string>
    <string name="tick_style">circle2</string>
    <boolean name="key_large_bitmap" value="false" />
    <int name="tabindicator" value="-10603087" />
    <boolean name="HomeCounterText_check" value="true" />
    <boolean name="imsHideMStatus" value="false" />
    <boolean name="ModChatTextColor_Gactive" value="false" />
    <int name="key_story_stroke" value="1" />
    <boolean name="key_quick_view" value="true" />
    <int name="key_bubble_stroke_size" value="0" />
    <boolean name="my_name" value="false" />
    <int name="key_search_textcolor" value="815701662" />
    <boolean name="ModHomeMentionIndBackground_check" value="true" />
    <int name="pagetitle_picker" value="-6982195" />
    <boolean name="TxtSelect" value="true" />
    <int name="key_custom_theme" value="-328966" />
    <boolean name="key_fab_color_Gactive" value="false" />
    <int name="key_search_rounded" value="23" />
    <boolean name="key_fab_color_check" value="true" />
    <boolean name="ModlastseenColor_check" value="true" />
    <boolean name="key_toast_status_bg_Gactive" value="false" />
    <boolean name="key_hide_topscroll" value="true" />
    <string name="key_bottomtab_styles">v1</string>
    <string name="key_story_layout">9</string>
    <int name="key_fab_color" value="-10603087" />
    <boolean name="key_toast_statuses" value="true" />
    <boolean name="key_name_stories_Gactive" value="false" />
    <boolean name="ModConPickColor_Gactive" value="false" />
    <boolean name="key_tab_text" value="true" />
    <string name="HomeEntry">large</string>
    <boolean name="key_gradient_ring_Gactive" value="true" />
    <boolean name="statuses_bar_text_picker_Gactive" value="false" />
    <int name="date_divider_color_picker" value="-1" />
    <int name="key_tab_rounded" value="0" />
    <int name="key_avatar_size" value="52" />
    <int name="main_text" value="17" />
    <boolean name="key_fab_icon_check" value="true" />
    <boolean name="ModConColor_Gactive" value="false" />
    <int name="text_size_pick" value="16" />
    <int name="key_trans_alpha" value="50" />
    <int name="key_name_stories" value="-10603087" />
    <string name="key_style_home">messenger</string>
    <boolean name="key_online_ring" value="true" />
    <string name="key_chat_animation">0</string>
    <string name="key_quick_position">top</string>
    <boolean name="key_blur_ios_tab" value="true" />
    <int name="key_search_border" value="815701662" />
    <int name="emojipopup_icons" value="-1" />
    <int name="key_toast_profile_bg" value="-10603087" />
    <int name="key_gradient_ring" value="-10603087" />
    <boolean name="key_gradient_ring_check" value="true" />
    <int name="chats_row_divider_picker" value="-10603087" />
    <int name="key_incoming_bubble" value="-1" />
    <boolean name="key_stories_name_check" value="true" />
    <int name="ModContactNameColor" value="-10603087" />
    <boolean name="Audio_sensor" value="true" />
    <int name="key_row_size" value="76" />
    <int name="key_grid_height" value="100" />
    <int name="UnSeenColor" value="-7461718" />
    <boolean name="key_incoming_bubble_Gactive" value="false" />
    <int name="key_card_round" value="8" />
    <int name="emojipopup_body" value="-10603087" />
    <int name="RingColor" value="-10603087" />
    <boolean name="key_counter_bg_check" value="true" />
    <boolean name="NameProf" value="false" />
    <boolean name="ModChatEmojiColor_Gactive" value="false" />
    <boolean name="emojipopup_body_Gactive" value="false" />
    <boolean name="ModChatBtnColor_Gactive" value="false" />
    <boolean name="key_toast_custom" value="true" />
    <boolean name="key_fast_scroll" value="true" />
    <int name="key_unseen_color" value="-6982195" />
    <string name="key_toast_profile_gravity">0</string>
    <boolean name="ModChaSendBKColor_Gactive" value="false" />
    <boolean name="key_stories_padding_check" value="false" />
    <boolean name="key_navigationbar_picker_check" value="true" />
    <boolean name="yo_want_airplanemode" value="true" />
    <int name="key_grid_span" value="3" />
    <int name="ModConTextColor" value="-10603087" />
    <boolean name="chat_mypicV2" value="false" />
    <boolean name="key_with_thumb" value="false" />
    <boolean name="ModConBackColor_check" value="false" />
    <boolean name="key_chat_actionbar_check" value="false" />
    <boolean name="PicProf" value="false" />
    <boolean name="date_divider_color_picker_Gactive" value="false" />
    <boolean name="key_toast_online_bg_Gactive" value="false" />
    <boolean name="key_gradient_bubble" value="false" />
    <int name="key_badge_textcolor" value="-1" />
    <boolean name="SeenColor_Gactive" value="false" />
    <boolean name="btn_voice_color_chat_picker_Gactive" value="false" />
    <int name="key_row_elevation" value="0" />
    <boolean name="key_as_thumbnail" value="false" />
    <boolean name="key_encrypt_chat" value="false" />
    <int name="key_search_bg" value="-1" />
    <boolean name="ModChatColor_Gactive" value="false" />
    <string name="bubble_style">ios11</string>
    <boolean name="key_badge_textcolor_check" value="true" />
    <int name="ModChatBtnColor" value="-10603087" />
    <boolean name="key_counter_bg_Gactive" value="false" />
    <int name="key_statusbar_picker" value="-1" />
    <int name="key_fab_rounded_menu" value="28" />
    <int name="key_accent_color" value="-10603087" />
    <int name="key_stories_padding" value="72" />
    <boolean name="tabindicator_check" value="true" />
    <string name="key_quick_layout">v2</string>
    <string name="pic_startlocation">1</string>
    <boolean name="key_statusbar_picker_check" value="true" />
    <boolean name="AttBt" value="false" />
    <boolean name="pic_inside" value="false" />
    <boolean name="key_toast_profile_bg_check" value="true" />
    <boolean name="ModConColor_check" value="false" />
    <boolean name="key_translucent_statusbar" value="true" />
    <boolean name="key_toast_status_bg_check" value="true" />
    <boolean name="key_story_badge" value="false" />
    <string name="key_chats_listanimation">10</string>
    <boolean name="key_archived_header" value="true" />
    <int name="key_toast_profile_textcolor" value="-1" />
    <int name="date_bubble_color_picker" value="-10603087" />
    <boolean name="key_search_elevation" value="false" />
    <boolean name="key_fab_rounded_menu_check" value="false" />
    <int name="seekbar_color_chat_picker" value="-10603087" />
    <string name="key_fab_view">extended</string>
    <int name="key_homecard_cornerradius" value="30" />
    <int name="statuses_bar_bg_picker" value="-10603087" />
    <int name="emojipopup_header" value="-10603087" />
    <boolean name="emojipopup_icons_Gactive" value="false" />
    <boolean name="pagetitle_sel_picker_check" value="true" />
    <int name="key_badge_background" value="-14629287" />
    <int name="HomeBarText" value="-10603087" />
    <boolean name="key_border_stories_card_check" value="true" />
    <int name="key_toast_online_textcolor" value="-1" />
    <int name="key_typing_color" value="-10603087" />
    <boolean name="imsHideRStatus" value="false" />
    <int name="key_toast_status_textcolor" value="-1" />
    <boolean name="log_show_name_check" value="true" />
    <int name="key_fab_icon" value="-1" />
    <int name="statuses_bar_text_picker" value="-1" />
    <boolean name="tabadgeBKColor_check" value="true" />
    <boolean name="isSwipeEnabledV2" value="false" />
    <boolean name="key_graient_ring_anim" value="false" />
    <boolean name="Hide_contact_picker_section_other_contacts" value="false" />
    <int name="key_toast_online_bg" value="-10603087" />
    <boolean name="seekbar_color_chat_picker_Gactive" value="false" />
    <boolean name="key_toast_avatar" value="true" />
    <boolean name="enable_ig_stories" value="false" />
    <int name="key_quick_bg" value="-1" />
    <int name="ModConPickColor" value="-1" />
    <int name="key_border_stories_card" value="-10603087" />
    <boolean name="key_hide_tabscroll" value="true" />
    <boolean name="key_fab_rounded_check" value="false" />
    <boolean name="key_custom_badge" value="true" />
    <string name="key_story_view">0</string>
    <int name="key_seen_color" value="-10603087" />
    <boolean name="read_more" value="false" />
    <int name="key_outgoing_bubble" value="-14629287" />
    <int name="key_avatar_border" value="-10603087" />
    <boolean name="yo_want_nightmode" value="true" />
    <boolean name="UnSeenColor_Gactive" value="false" />
    <boolean name="ModConBackColor_Gactive" value="false" />
    <int name="key_stories_card" value="-10603087" />
    <int name="key_fab_rounded" value="28" />
    <int name="pic_chat_size_pickerV2" value="40" />
    <int name="key_row_background_color" value="-1" />
    <boolean name="custom_wall" value="false" />
    <boolean name="ModChatEntry_Gactive" value="false" />
    <string name="key_toast_online_gravity">0</string>
    <boolean name="elapsed_time" value="false" />
    <int name="btn_voice_color_chat_picker" value="-10603087" />
    <int name="key_search_stroke" value="1" />
    <boolean name="key_fab_elevation" value="true" />
    <boolean name="key_toast_profile_bg_Gactive" value="false" />
    <int name="key_fab_border" value="-10603087" />
    <int name="participant_name_color_picker" value="-10603087" />
    <string name="key_pager_animation">0</string>
    <boolean name="Audio_ears" value="false" />
    <int name="ModChatEntry" value="-1" />
    <int name="square_photo_ratio_picker" value="9" />
    <boolean name="key_cover_view" value="false" />
    <boolean name="statuses_bar_bg_picker_Gactive" value="false" />
    <int name="ModChatTextColor" value="-10603087" />
    <boolean name="key_navigation_padding" value="true" />
    <boolean name="group_participants_picV2" value="false" />
    <boolean name="participant_name_color_picker_Gactive" value="false" />
    <boolean name="key_story_elevation" value="false" />
    <int name="key_incoming_corner" value="12" />
    <boolean name="ModChatBubbleHyperlinks_Gactive" value="false" />
    <string name="key_toast_status_gravity">0</string>
    <int name="key_border_convs_card" value="-2141101727" />
    <boolean name="key_seen_color_check" value="true" />
    <boolean name="key_grid_chatview" value="false" />
    <int name="SeenColor" value="-10603087" />
    <int name="ModOnlineColor" value="-10603087" />
</map>
