<?xml version="1.0" encoding="utf-8" ?>
<selector xmlns:android="http://schemas.android.com/apk/res/android">
	<item android:state_pressed="true">
		<shape>
			<gradient android:startColor="#ff212121" android:endColor="#ff212121" android:angle="270.0" />
			<stroke android:width="1.0dip" android:color="#00000000" />
			<corners android:topLeftRadius="0.0dip" android:topRightRadius="0.0dip" android:bottomLeftRadius="35.0dip" android:bottomRightRadius="35.0dip" />
			<padding android:left="10.0dip" android:top="4.0dip" android:right="10.0dip" android:bottom="4.0dip" />
		</shape>
	</item>
	<item android:state_focused="true">
		<shape>
			<gradient android:startColor="@color/primary" android:endColor="@color/primary" android:angle="270.0" />
			<stroke android:width="1.0dip" android:color="#00000000" />
			<corners android:radius="12.0dip" />
			<padding android:left="10.0dip" android:top="4.0dip" android:right="10.0dip" android:bottom="4.0dip" />
		</shape>
	</item>
	<item>
		<shape>
			<gradient android:startColor="@color/primary" android:endColor="@color/primary" android:angle="0.0" />
			<stroke android:width="1.0dip" android:color="#00000000" />
			<corners android:topLeftRadius="0.0dip" android:topRightRadius="0.0dip" android:bottomLeftRadius="35.0dip" android:bottomRightRadius="35.0dip" />
			<padding android:left="10.0dip" android:top="4.0dip" android:right="10.0dip" android:bottom="4.0dip" />
		</shape>
	</item>
</selector>
