<?xml version="1.0" encoding="utf-8" ?>
<PreferenceScreen xmlns:android="http://schemas.android.com/apk/res/android">
	<PreferenceCategory android:title="@string/bse_snow_home">
		<SwitchPreference android:title="@string/bse_snow_activated" android:key="salju" android:defaultValue="true" android:summaryOn="@string/bse_snow_on" android:summaryOff="@string/bse_snow_off" />
		<SeekBarPreference android:max="15" android:progress="5" android:title="@string/bse_snow_intensity" android:key="intensitas" android:defaultValue="5" />
		<SeekBarPreference android:max="120" android:progress="16" android:title="@string/bse_snow_speed" android:key="speed" android:defaultValue="16" />
		<ListPreference android:entries="@array/bse_effects_snow_labels" android:title="@string/bse_snow_animation_drawable" android:key="animation_drawable" android:summary="%s" android:defaultValue="0" android:entryValues="@array/bse_effects_snow_values" />
	</PreferenceCategory>
	<PreferenceCategory android:title="@string/bse_snow_conversation">
		<SwitchPreference android:title="@string/bse_snow_activated" android:key="saljunychats" android:defaultValue="true" android:summaryOn="@string/bse_snow_on" android:summaryOff="@string/bse_snow_off" />
		<SeekBarPreference android:max="15" android:progress="0" android:title="@string/bse_snow_intensity" android:key="intensitasshatrs" android:defaultValue="0" />
		<ListPreference android:entries="@array/bse_effects_snow_labels" android:title="@string/bse_snow_animation_drawable" android:key="animation_drawableshatssss" android:summary="%s" android:defaultValue="0" android:entryValues="@array/bse_effects_snow_values" />
		<SeekBarPreference android:max="120" android:progress="16" android:title="@string/bse_snow_speed" android:key="speedshats" android:defaultValue="16" />
	</PreferenceCategory>
	<Preference android:title="Restart Menu" android:key="bse_restart_snow" />
</PreferenceScreen>
