
<!--STEP 1-->
LETAKKAN SEMUA KODE PADA TATALETAK MASING2


<!--STEP 2-->
LETAKKAN KODE INI DI ANDROIDMANIFEST.XML DI ATAS PENUTUP APPLICATION


		<activity android:label="@string/app_name" android:name="com.rdev.design.RizalActivityMain1" />
		<activity android:label="@string/app_name" android:name="com.rdev.design.RizalActivityMain2" />
		<activity android:label="@string/app_name" android:name="com.rdev.design.RizalActivityMain3" />
		<activity android:label="@string/app_name" android:name="com.rdev.design.RizalActivityMain4" />
		<activity android:label="@string/app_name" android:name="com.rdev.design.RizalActivityMain5" />
		<activity android:label="@string/app_name" android:name="com.rdev.design.RizalActivityMain6" />
		<activity android:label="@string/app_name" android:name="com.rdev.design.RizalActivityMain7" />
		<activity android:label="@string/app_name" android:name="com.rdev.design.RizalActivityMain8" />
		<activity android:label="@string/app_name" android:name="com.rdev.design.RizalActivityMain9" />
		<activity android:label="@string/app_name" android:name="com.rdev.design.RizalActivityMain10" />
		<activity android:label="@string/app_name" android:name="com.rdev.design.RizalActivityPrivacy" />
		<activity android:label="@string/app_name" android:name="com.rdev.design.RizalActivityAbout" />
		<activity android:label="@string/app_name" android:name="com.rdev.design.RizalActivityCredit" />
		<activity android:label="@string/app_name" android:name="com.rdev.design.RizalActivityShare" />
		<activity android:label="@string/app_name" android:name="com.rdev.design.RizalActivityExit" />





.SELESAI

RECODE: YZMODS
GUIDE : DIBUAT / DITULIS OLEH RIZKI RIZALDI
WARNING : DILARANG RESHARE TANPA SEIJIN
NOTE : FOLLOW DEVMODS SATU2 NYA SUMBER GUIDE DI INIDONESIA DAN SUBSCRIBE CHANNEL SAYA SATU2 SUMBER TUTORIAL MODIFIKASI APLIKASI
