<?xml version="1.0" encoding="utf-8" ?>
<RelativeLayout xmlns:android="http://schemas.android.com/apk/res/android" android:layout_width="fill_parent" android:layout_height="fill_parent">
	<TextView android:gravity="center" android:id="@+id/creator" android:layout_width="0.0dip" android:layout_height="0.0dip" android:layout_centerHorizontal="true" />
	<com.b16h22.statusbar.AokpToggles android:layout_gravity="bottom|center|right" android:id="@+id/fab_layout" android:background="#00000000" android:layout_width="200.0dip" android:layout_height="200.0dip" android:layout_marginRight="15.0dip" android:layout_marginBottom="15.0dip" android:layout_alignParentRight="true" android:layout_alignParentBottom="true">
		<RelativeLayout android:id="@+id/tab" android:layout_width="fill_parent" android:layout_height="fill_parent">
			<com.pineapple.QuickPanelButton android:layout_gravity="bottom|center|right" android:id="@+id/tab1" android:layout_width="40.0dip" android:layout_height="40.0dip" android:layout_marginRight="145.0dip" android:layout_marginBottom="0.100000024dip" android:layout_alignParentRight="true" android:layout_alignParentBottom="true" />
			<com.pineapple.QuickPanelButton2 android:layout_gravity="bottom|center|right" android:id="@+id/tab2" android:layout_width="40.0dip" android:layout_height="40.0dip" android:layout_marginRight="140.0dip" android:layout_marginBottom="60.0dip" android:layout_alignParentRight="true" android:layout_alignParentBottom="true" />
			<com.pineapple.QuickPanelButton3 android:layout_gravity="bottom|center|right" android:id="@+id/tab3" android:layout_width="40.0dip" android:layout_height="40.0dip" android:layout_marginRight="112.0dip" android:layout_marginBottom="112.0dip" android:layout_alignParentRight="true" android:layout_alignParentBottom="true" />
			<com.pineapple.QuickPanelButton4 android:layout_gravity="bottom|center|right" android:id="@+id/tab4" android:layout_width="40.0dip" android:layout_height="40.0dip" android:layout_marginRight="60.0dip" android:layout_marginBottom="140.0dip" android:layout_alignParentRight="true" android:layout_alignParentBottom="true" />
			<com.pineapple.QuickPanelButton5 android:layout_gravity="bottom|center|right" android:id="@+id/tab5" android:layout_width="40.0dip" android:layout_height="40.0dip" android:layout_marginRight="0.100000024dip" android:layout_marginBottom="145.0dip" android:layout_alignParentRight="true" android:layout_alignParentBottom="true" />
		</RelativeLayout>
	</com.b16h22.statusbar.AokpToggles>
	<RelativeLayout android:layout_gravity="bottom|center|right" android:id="@+id/tombol" android:layout_width="50.0dip" android:layout_height="50.0dip" android:layout_marginRight="15.0dip" android:layout_marginBottom="15.0dip" android:layout_alignParentRight="true" android:layout_alignParentBottom="true">
		<com.b16h22.statusbar.AokpToggleButton android:gravity="center" android:layout_gravity="center" android:id="@+id/tombol_fab" android:layout_width="50.0dip" android:layout_height="50.0dip" android:layout_centerInParent="true" />
	</RelativeLayout>
</RelativeLayout>
