<?xml version="1.0" encoding="utf-8" ?>
<LinearLayout xmlns:android="http://schemas.android.com/apk/res/android" xmlns:app="http://schemas.android.com/apk/res-auto" android:orientation="vertical" android:layout_width="fill_parent" android:layout_height="fill_parent">
	<ScrollView android:id="@id/vscroll1" android:layout_width="fill_parent" android:layout_height="fill_parent">
		<LinearLayout android:orientation="vertical" android:id="@id/linear1" android:background="@drawable/b4u_5" android:padding="8.0dip" android:layout_width="fill_parent" android:layout_height="wrap_content">
			<LinearLayout android:gravity="center" android:layout_gravity="center" android:orientation="horizontal" android:id="@id/linear2" android:background="@android:color/transparent" android:padding="8.0dip" android:layout_width="fill_parent" android:layout_height="80.0dip" android:layout_margin="15.0dip">
				<TextView android:textSize="30.0sp" android:textStyle="bold" android:textColor="#ff26c6da" android:id="@id/textview1" android:padding="8.0dip" android:layout_width="wrap_content" android:layout_height="wrap_content" android:text="WhatsApp About" />
			</LinearLayout>
			<LinearLayout android:gravity="center" android:layout_gravity="center" android:orientation="horizontal" android:id="@id/linear3" android:padding="8.0dip" android:layout_width="175.0dip" android:layout_height="175.0dip" android:layout_margin="20.0dip">
				<AnalogClock android:id="@id/analogclock1" android:padding="8.0dip" android:layout_width="wrap_content" android:layout_height="wrap_content" />
			</LinearLayout>
			<LinearLayout android:gravity="center" android:layout_gravity="center" android:orientation="horizontal" android:id="@id/linear4" android:background="@android:color/transparent" android:padding="8.0dip" android:layout_width="fill_parent" android:layout_height="60.0dip" android:layout_marginLeft="15.0dip" android:layout_marginTop="15.0dip" android:layout_marginRight="15.0dip">
				<TextView android:textSize="30.0sp" android:textStyle="bold" android:textColor="#ff03a9f4" android:id="@id/textview2" android:background="@android:color/transparent" android:padding="8.0dip" android:layout_width="wrap_content" android:layout_height="wrap_content" android:text="App Name" />
			</LinearLayout>
			<LinearLayout android:gravity="center" android:layout_gravity="center" android:orientation="horizontal" android:id="@id/linear5" android:background="@android:color/transparent" android:padding="8.0dip" android:layout_width="fill_parent" android:layout_height="50.0dip" android:layout_marginLeft="15.0dip" android:layout_marginTop="5.0dip" android:layout_marginRight="15.0dip" android:layout_marginBottom="15.0dip">
				<TextView android:textSize="20.0sp" android:textStyle="italic" android:textColor="#ff03a9f4" android:id="@id/textview3" android:padding="8.0dip" android:layout_width="wrap_content" android:layout_height="wrap_content" android:text="WhatsApp" />
			</LinearLayout>
			<LinearLayout android:gravity="center" android:layout_gravity="center" android:orientation="horizontal" android:id="@id/linear6" android:background="@android:color/transparent" android:padding="8.0dip" android:layout_width="fill_parent" android:layout_height="60.0dip" android:layout_marginLeft="15.0dip" android:layout_marginTop="20.0dip" android:layout_marginRight="15.0dip">
				<TextView android:textSize="30.0sp" android:textStyle="bold" android:textColor="#ff29b6f6" android:id="@id/textview4" android:padding="8.0dip" android:layout_width="wrap_content" android:layout_height="wrap_content" android:text="Package Name" />
			</LinearLayout>
			<LinearLayout android:gravity="center" android:layout_gravity="center" android:orientation="horizontal" android:id="@id/linear7" android:background="@android:color/transparent" android:padding="8.0dip" android:layout_width="fill_parent" android:layout_height="50.0dip" android:layout_marginLeft="15.0dip" android:layout_marginTop="5.0dip" android:layout_marginRight="15.0dip" android:layout_marginBottom="15.0dip">
				<TextView android:textSize="20.0sp" android:textStyle="italic" android:textColor="#ff03a9f4" android:id="@id/textview5" android:padding="8.0dip" android:layout_width="wrap_content" android:layout_height="wrap_content" android:text="com.whatsapp" />
			</LinearLayout>
			<LinearLayout android:gravity="center" android:layout_gravity="center" android:orientation="horizontal" android:id="@id/linear8" android:background="@android:color/transparent" android:padding="8.0dip" android:layout_width="fill_parent" android:layout_height="60.0dip" android:layout_marginLeft="15.0dip" android:layout_marginTop="20.0dip" android:layout_marginRight="15.0dip">
				<TextView android:textSize="30.0sp" android:textStyle="bold" android:textColor="#ff29b6f6" android:id="@id/textview6" android:padding="8.0dip" android:layout_width="wrap_content" android:layout_height="wrap_content" android:text="Moder Name" />
			</LinearLayout>
			<LinearLayout android:gravity="center" android:layout_gravity="center" android:orientation="horizontal" android:id="@id/linear9" android:background="@android:color/transparent" android:padding="8.0dip" android:layout_width="fill_parent" android:layout_height="50.0dip" android:layout_marginLeft="15.0dip" android:layout_marginTop="5.0dip" android:layout_marginRight="15.0dip" android:layout_marginBottom="15.0dip">
				<TextView android:textSize="20.0sp" android:textStyle="italic" android:textColor="#ff29b6f6" android:id="@id/textview7" android:padding="8.0dip" android:layout_width="wrap_content" android:layout_height="wrap_content" android:text="Ravidu Imeshan" />
			</LinearLayout>
			<LinearLayout android:orientation="horizontal" android:id="@id/linear10" android:background="#ffffffff" android:padding="8.0dip" android:layout_width="fill_parent" android:layout_height="100.0dip" android:layout_margin="15.0dip">
				<LinearLayout android:orientation="horizontal" android:id="@id/linear11" android:padding="8.0dip" android:layout_width="80.0dip" android:layout_height="80.0dip" android:layout_marginLeft="11.0dip" android:layout_marginRight="11.0dip">
					<ImageView android:id="@id/imageview1" android:layout_width="fill_parent" android:layout_height="fill_parent" android:src="@drawable/b4u_2" android:scaleType="fitXY" />
				</LinearLayout>
				<LinearLayout android:orientation="horizontal" android:id="@id/linear12" android:padding="8.0dip" android:layout_width="80.0dip" android:layout_height="80.0dip" android:layout_marginLeft="11.0dip" android:layout_marginRight="11.0dip">
					<ImageView android:id="@id/imageview2" android:background="@android:color/transparent" android:layout_width="fill_parent" android:layout_height="fill_parent" android:src="@drawable/b4u_3" android:scaleType="fitXY" />
				</LinearLayout>
				<LinearLayout android:orientation="horizontal" android:id="@id/linear13" android:padding="8.0dip" android:layout_width="80.0dip" android:layout_height="80.0dip" android:layout_marginLeft="11.0dip" android:layout_marginRight="11.0dip">
					<ImageView android:id="@id/imageview3" android:layout_width="fill_parent" android:layout_height="fill_parent" android:src="@drawable/b4u_1" android:scaleType="fitXY" />
				</LinearLayout>
			</LinearLayout>
		</LinearLayout>
	</ScrollView>
</LinearLayout>
