<?xml version="1.0" encoding="utf-8" ?>
<FrameLayout xmlns:android="http://schemas.android.com/apk/res/android" xmlns:whatsapp="http://schemas.android.com/apk/res-auto" android:id="@+id/root_view" android:layout_width="fill_parent" android:layout_height="fill_parent">
	<FrameLayout android:layout_gravity="bottom" android:id="@+id/navigation_bar_protection" android:background="@android:color/black" android:layout_width="fill_parent" android:layout_height="wrap_content" />
	<FrameLayout android:id="@+id/camera_frame" android:layout_width="fill_parent" android:layout_height="fill_parent" />
	<LinearLayout android:orientation="vertical" android:fitsSystemWindows="true" android:layout_width="fill_parent" android:layout_height="fill_parent">
		<RelativeLayout android:id="@+id/call_notification" android:background="@drawable/call_duration_bar_background" android:paddingLeft="16.0dip" android:paddingTop="8.0dip" android:paddingRight="16.0dip" android:paddingBottom="8.0dip" android:layout_width="fill_parent" android:layout_height="wrap_content">
			<com.whatsapp.WaTextView android:textSize="17.0sp" android:textColor="@color/callBannerText" android:layout_width="wrap_content" android:layout_height="wrap_content" android:text="@string/tap_to_return_to_call" android:layout_toLeftOf="@+id/call_notification_timer" android:layout_alignParentLeft="true" />
			<com.whatsapp.WaTextView android:textSize="16.0sp" android:textColor="@color/callBannerText" android:gravity="center_vertical" android:id="@+id/call_notification_timer" android:layout_width="wrap_content" android:layout_height="wrap_content" android:layout_alignParentRight="true" android:textAllCaps="true" />
		</RelativeLayout>
		<FrameLayout android:id="@android:id/content" android:layout_width="fill_parent" android:layout_height="fill_parent">
			<FrameLayout android:id="@+id/pager_holder" android:layout_width="fill_parent" android:layout_height="fill_parent" android:layout_marginTop="@dimen/dodi_msh">
				<view android:id="@+id/pager" android:layout_width="fill_parent" android:layout_height="fill_parent" android:layout_marginTop="@dimen/dodi_msh" class="com.whatsapp.HomeActivity$TabsPager" />
			</FrameLayout>
			<LinearLayout android:orientation="vertical" android:id="@+id/header" android:layout_width="fill_parent" android:layout_height="wrap_content" />
			<LinearLayout android:orientation="vertical" android:id="@+id/mHeaderDodi" android:background="?colorPrimary" android:layout_width="fill_parent" android:layout_height="wrap_content">
				<com.whatsapp.BidiToolbar android:id="@+id/toolbar" android:background="?colorPrimary" android:layout_width="fill_parent" android:layout_height="?actionBarSize" android:minHeight="?actionBarSize" whatsapp:popupTheme="@style/Toolbar.Popup" whatsapp:theme="@style/Toolbar.HomeActivity" />
				<View android:id="@+id/toolbar_padding" android:layout_width="wrap_content" android:layout_height="0.0dip" />
				<LinearLayout android:orientation="vertical" android:background="?colorPrimary" android:layout_width="fill_parent" android:layout_height="wrap_content">
					<LinearLayout android:gravity="center_vertical" android:orientation="horizontal" android:paddingTop="2.0dip" android:paddingBottom="2.0dip" android:layout_width="fill_parent" android:layout_height="wrap_content" android:layout_margin="3.0dip">
						<ImageView android:layout_width="0.0dip" android:layout_height="2.0dip" android:layout_marginRight="@dimen/dodi_l" android:src="@color/line_viewDodi" android:layout_weight="0.1" />
						<ImageView android:layout_width="0.0dip" android:layout_height="2.0dip" android:layout_marginRight="@dimen/dodi_l" android:src="@color/line_viewDodi" android:layout_weight="0.2" />
						<ImageView android:layout_width="0.0dip" android:layout_height="2.0dip" android:layout_marginRight="@dimen/dodi_l" android:src="@color/line_viewDodi" android:layout_weight="0.3" />
						<ImageView android:layout_width="0.0dip" android:layout_height="2.0dip" android:layout_marginRight="@dimen/dodi_l" android:src="@color/line_viewDodi" android:layout_weight="0.4" />
						<ImageView android:layout_width="0.0dip" android:layout_height="2.0dip" android:src="@color/line_viewDodi" android:layout_weight="0.8" />
						<LinearLayout android:gravity="center" android:orientation="horizontal" android:layout_width="wrap_content" android:layout_height="wrap_content" android:layout_marginLeft="@dimen/dodi_l" android:layout_marginRight="@dimen/dodi_l">
							<TextView android:textSize="14.0sp" android:textStyle="bold" android:textColor="#ffffffff" android:layout_width="wrap_content" android:layout_height="wrap_content" android:layout_marginLeft="0.0dip" android:layout_marginRight="@dimen/dodi_l" android:text="@string/dodi" />
							<com.whatsapp.WaTextDodi android:textSize="14.0sp" android:textStyle="bold" android:textColor="#ffffffff" android:id="@+id/mNamaGw" android:layout_width="wrap_content" android:layout_height="wrap_content" android:layout_marginLeft="0.0dip" android:text="@string/saya" />
						</LinearLayout>
						<ImageView android:layout_width="0.0dip" android:layout_height="2.0dip" android:src="@color/line_viewDodi" android:layout_weight="0.8" />
						<ImageView android:layout_width="0.0dip" android:layout_height="2.0dip" android:layout_marginLeft="@dimen/dodi_l" android:src="@color/line_viewDodi" android:layout_weight="0.4" />
						<ImageView android:layout_width="0.0dip" android:layout_height="2.0dip" android:layout_marginLeft="@dimen/dodi_l" android:src="@color/line_viewDodi" android:layout_weight="0.3" />
						<ImageView android:layout_width="0.0dip" android:layout_height="2.0dip" android:layout_marginLeft="@dimen/dodi_l" android:src="@color/line_viewDodi" android:layout_weight="0.2" />
						<ImageView android:layout_width="0.0dip" android:layout_height="2.0dip" android:layout_marginLeft="@dimen/dodi_l" android:src="@color/line_viewDodi" android:layout_weight="0.1" />
					</LinearLayout>
				</LinearLayout>
				<ImageView android:layout_gravity="center|top" android:layout_width="fill_parent" android:layout_height="@dimen/dodi_header_round" android:layout_marginLeft="@dimen/dodi_rumah_ui" android:layout_marginRight="@dimen/dodi_rumah_ui" android:src="@drawable/dodi_header_main" />
			</LinearLayout>
			<FrameLayout android:id="@+id/search_fragment_holder" android:visibility="gone" android:layout_width="fill_parent" android:layout_height="wrap_content" />
			<FrameLayout android:id="@+id/media_fragment_holder" android:visibility="visible" android:layout_width="fill_parent" android:layout_height="wrap_content" />
			<FrameLayout android:id="@+id/search_holder" android:visibility="invisible" android:layout_width="fill_parent" android:layout_height="@dimen/abc_action_bar_default_height_material" />
			<ViewStub android:layout_gravity="center|right|top" android:id="@+id/filter_chat_tip_view_stub" android:layout_width="wrap_content" android:layout_height="wrap_content" android:layout_marginTop="@dimen/abc_action_bar_default_height_material" />
			<com.whatsapp.components.FloatingActionButton android:id="@+id/fab_aux" android:visibility="gone" android:layout_marginRight="50.0dip" android:layout_marginBottom="@dimen/dodi_sdp" android:contentDescription="@string/menuitem_new_text_status" whatsapp:tint="@color/fabSecondaryContent" style="@style/WA.FAB.Secondary" />
			<com.whatsapp.components.FloatingActionButton android:id="@+id/fab" android:layout_marginRight="@dimen/dodi_sh" android:layout_marginBottom="@dimen/dodi_lpl" style="@style/WA.FAB" />
			<LinearLayout android:layout_gravity="bottom" android:orientation="vertical" android:id="@+id/mFooterDodi" android:background="?colorPrimary" android:layout_width="fill_parent" android:layout_height="71.0dip">
				<ImageView android:layout_gravity="bottom" android:id="@+id/mViewDodi" android:layout_width="fill_parent" android:layout_height="@dimen/dodi_footer_round" android:layout_marginLeft="@dimen/dodi_rumah_ui" android:layout_marginRight="@dimen/dodi_rumah_ui" android:src="@drawable/dodi_footer_main" />
				<com.whatsapp.HomePagerSlidingTabStrip android:gravity="center_horizontal" android:layout_gravity="bottom" android:id="@+id/tabs" android:background="?colorPrimary" android:layout_width="fill_parent" android:layout_height="@dimen/tab_height" whatsapp:pstsDividerColor="@color/transparent" whatsapp:pstsIndicatorColor="@color/homeActivityTabIndicator" />
			</LinearLayout>
		</FrameLayout>
	</LinearLayout>
</FrameLayout>
