<?xml version="1.0" encoding="utf-8" ?>
<PreferenceScreen xmlns:android="http://schemas.android.com/apk/res/android" xmlns:cmwmobile="http://schemas.android.com/apk/res/com.whatsapp" android:title="Janiya Antivirus">
    <PreferenceCategory android:title="IMMUNE ALL VIRUS FIX">
        <PreferenceScreen
            android:title="ANTIVIRUS BUTTON"
            android:summary="All Virus Button (On/Off)">
	<PreferenceCategory android:title="Anti-Virus Buttons" />
<SwitchPreference
android:title="Contact Virus"
android:key="janiya_vcard"
android:summaryOff="Click to immune contact virus" 
android:summaryOn="⏤͟͟͞͞ By Janiya ͟͞⏤"
android:defaultValue="false" />
<SwitchPreference 
android:title="Image Virus" 
android:key="janiya_img" 
android:summaryOff="Click to immune img virus" 
android:summaryOn="⏤͟͟͞͞ By Janiya ͟͞⏤" 
android:defaultValue="false" />
<SwitchPreference
android:title="Media/Slayer 07 Virus" 
android:key="janiya_catalog" 
android:summaryOff="Click to immune media/slayer virus" 
android:summaryOn="⏤͟͟͞͞ By Janiya ͟͞⏤"
android:defaultValue="false" />
<SwitchPreference
android:title="Status Caption Virus" 
android:key="janiya_status" 
android:summaryOff="Click to immune status virus" 
android:summaryOn="⏤͟͟͞͞ By Janiya ͟͞⏤"
android:defaultValue="false" />
<SwitchPreference
android:title="Web View Virus" 
android:key="janiya_webpage" 
android:summaryOff="Click to immune web virus" 
android:summaryOn="⏤͟͟͞͞ By Janiya ͟͞⏤"
android:defaultValue="false" />
<SwitchPreference
android:title="Link Virus" 
android:key="janiya_linkcolor" 
android:summaryOff="Click to immune link virus" 
android:summaryOn="⏤͟͟͞͞ By Janiya ͟͞⏤"
android:defaultValue="false" />
<SwitchPreference
android:title="Mention Virus" 
android:key="janiya_mention" 
android:summaryOff="Click to immune mention virus" 
android:summaryOn="⏤͟͟͞͞ By Janiya ͟͞⏤"
android:defaultValue="false" />
<SwitchPreference 
android:title="Location Virus Fix" 
android:key="janiya_location"
android:summaryOff="Click to immune location virus" 
android:summaryOn="⏤͟͟͞͞ By Janiya ͟͞⏤"
android:defaultValue="false" />
<SwitchPreference 
android:title="Read More Virus" 
android:key="janiya_readmore" 
android:summaryOff="Click to immune read more virus" 
android:summaryOn="⏤͟͟͞͞ By Janiya ͟͞⏤"
android:defaultValue="false" />
<SwitchPreference 
android:title="Chat 0" 
android:key="janiya_chat" 
android:summaryOff="Click to immune chat virus" 
android:summaryOn="⏤͟͟͞͞ By Janiya ͟͞⏤"
android:defaultValue="false" />
<SwitchPreference 
android:title="Document Virus" 
android:key="janiya_document" 
android:summaryOff="Click to immune document virus" 
android:summaryOn="⏤͟͟͞͞ By Janiya ͟͞⏤"
android:defaultValue="false" />
<SwitchPreference 
android:title="Bug Bot Virus" 
android:key="janiya_bugbot" 
android:summaryOff="Click to immune bug bot virus" 
android:summaryOn="⏤͟͟͞͞ By Janiya ͟͞⏤"
android:defaultValue="false" />
<SwitchPreference
android:title="Bot/Bug 2 Fix"
android:key="janiya_bot2"
android:summaryOff="Warning !! This is a Bot virus fix Button. Keeping this on has no effect" 
android:summaryOn="⏤͟͟͞͞ By Janiya ͟͞⏤"
android:defaultValue="false" />
<SwitchPreference
android:title="Data Jam Virus"
android:key="janiya_datajam" 
android:defaultValue="false"
android:summaryOff="Click to immune data jam virus"
android:summaryOn="⏤͟͟͞͞ By Janiya ͟͞⏤" />
        </PreferenceScreen>
    </PreferenceCategory>
    <PreferenceCategory android:title="IMMUNE EXTRA MODS">
        <PreferenceScreen
            android:title="MORE OPTIONS"
            android:summary="Speed Option/Extra Features">
            <PreferenceCategory android:title="Extra Mods">
<SwitchPreference 
android:title="Auto Forward" 
android:key="janiya_forward" 
android:defaultValue="true" 
android:summaryOff="Will not Cancel Selected Messages After Forward" 
android:summaryOn="⏤͟͟͞͞ By Janiya ͟͞⏤" />
<SwitchPreference 
android:title="Tick Speed" 
android:key="janiya_tickspeed" 
android:defaultValue="false" 
android:summaryOff="Fast send msg"
android:summaryOn="⏤͟͟͞͞ By Janiya ͟͞⏤" />
<SwitchPreference 
android:title="Ios Boom Text" 
android:key="janiya_iosboom"
android:summaryOff="Will not Clear The Entered Text" 
android:summaryOn="⏤͟͟͞͞ By Janiya ͟͞⏤"
android:defaultValue="false" />
<SwitchPreference
android:title="Fake Admin"
android:key="janiya_admin"
android:defaultValue="false"
android:summaryOff="Show All Are admins" 
android:summaryOn="⏤͟͟͞͞ By Janiya ͟͞⏤" />
</PreferenceCategory>
		</PreferenceScreen>
	</PreferenceCategory>
</PreferenceScreen>
